ID,FIRST_NAME,LAST_NAME,TITLE,EMAIL,GENDER,IP_ADDRESS
1,Alice,Ross,Sales Associate,aross0@tmall.com,Female,179.182.19.219
2,Annie,Ferguson,Pharmacist,aferguson1@godaddy.com,Female,164.0.52.37
3,Earl,Hayes,Automation Specialist IV,ehayes2@walmart.com,Male,90.75.99.252
4,Arthur,Thomas,Assistant Professor,athomas3@privacy.gov.au,Male,60.155.188.231
5,Jacqueline,Cox,Speech Pathologist,jcox4@google.ca,Female,229.204.149.241
6,Ronald,Stanley,Civil Engineer,rstanley5@icio.us,Male,155.172.86.232
7,Wanda,Murray,Programmer I,wmurray6@blogger.com,Female,54.62.211.87
8,Phillip,Williamson,Marketing Manager,pwilliamson7@altervista.org,Male,226.81.96.213
9,Scott,Payne,Marketing Manager,spayne8@sohu.com,Male,214.144.193.36
10,Dorothy,Evans,Mechanical Systems Engineer,devans9@senate.gov,Female,121.45.210.200
11,Christine,Gray,Director of Sales,cgraya@ted.com,Female,124.63.205.196
12,Larry,Jordan,Geologist II,ljordanb@i2i.jp,Male,203.238.39.9
13,Lawrence,Hughes,Research Associate,lhughesc@t-online.de,Male,29.133.232.119
14,Nicole,Bradley,Account Executive,nbradleyd@ning.com,Female,173.134.251.13
15,Mary,Jenkins,Sales Associate,mjenkinse@studiopress.com,Female,102.167.161.174
16,Wanda,Butler,Structural Analysis Engineer,wbutlerf@thetimes.co.uk,Female,44.83.157.135
17,Roy,Wagner,Account Representative III,rwagnerg@engadget.com,Male,74.52.174.64
18,William,Ruiz,Analyst Programmer,wruizh@amazonaws.com,Male,255.143.81.60
19,Cheryl,Andrews,Marketing Assistant,candrewsi@microsoft.com,Female,3.133.119.5
20,Edward,Hunter,VP Quality Control,ehunterj@cornell.edu,Male,174.206.245.41
21,Jessica,Price,Technical Writer,jpricek@free.fr,Female,208.244.170.51
22,Lori,Nelson,Senior Developer,lnelsonl@shareasale.com,Female,235.114.50.86
23,Fred,Jenkins,Programmer Analyst I,fjenkinsm@theatlantic.com,Male,242.88.81.172
24,Theresa,Chapman,Health Coach III,tchapmann@plala.or.jp,Female,126.154.223.136
25,Ernest,Myers,Web Developer IV,emyerso@globo.com,Male,242.0.182.241
26,Kathleen,Wood,Assistant Manager,kwoodp@homestead.com,Female,72.221.119.6
27,Helen,Cooper,VP Product Management,hcooperq@utexas.edu,Female,162.251.98.104
28,Adam,Mills,Health Coach III,amillsr@1und1.de,Male,240.175.14.62
29,Diana,Dean,Design Engineer,ddeans@nymag.com,Female,240.69.213.208
30,Carlos,Hudson,Teacher,chudsont@comcast.net,Male,16.140.126.6
31,Peter,Rivera,Budget/Accounting Analyst I,priverau@tripod.com,Male,132.2.91.181
32,Wanda,Crawford,Environmental Specialist,wcrawfordv@craigslist.org,Female,127.160.127.108
33,Martha,Green,Office Assistant I,mgreenw@berkeley.edu,Female,127.96.54.252
34,Wayne,Oliver,Biostatistician IV,woliverx@tmall.com,Male,204.177.111.196
35,John,Hunt,Safety Technician II,jhunty@skype.com,Male,14.0.111.108
36,Robin,Alvarez,Senior Developer,ralvarezz@symantec.com,Female,90.62.106.4
37,Denise,Barnes,Nurse Practicioner,dbarnes10@domainmarket.com,Female,26.201.101.157
38,Denise,Campbell,Account Representative I,dcampbell11@joomla.org,Female,162.189.96.7
39,Diane,Ramos,Office Assistant II,dramos12@sourceforge.net,Female,65.179.198.114
40,William,Reid,Engineer II,wreid13@archive.org,Male,241.42.71.123
41,Douglas,Ferguson,Automation Specialist II,dferguson14@psu.edu,Male,28.18.20.152
42,Linda,Jordan,Environmental Tech,ljordan15@furl.net,Female,206.166.249.156
43,Johnny,Taylor,Speech Pathologist,jtaylor16@sina.com.cn,Male,150.249.157.180
44,Patricia,Campbell,Administrative Assistant II,pcampbell17@toplist.cz,Female,164.0.226.138
45,Robert,Boyd,Software Engineer I,rboyd18@sogou.com,Male,69.108.56.177
46,Kimberly,Henry,Database Administrator IV,khenry19@pen.io,Female,44.255.13.112
47,Jonathan,Bowman,Research Assistant I,jbowman1a@g.co,Male,211.56.243.46
48,Eugene,Dixon,Nurse,edixon1b@tmall.com,Male,110.75.251.24
49,Aaron,Bryant,Design Engineer,abryant1c@dailymail.co.uk,Male,246.133.123.119
50,Bruce,Grant,Web Designer II,bgrant1d@wordpress.org,Male,24.37.253.25
51,Julia,Jackson,Financial Advisor,jjackson1e@kickstarter.com,Female,12.31.203.38
52,Carl,Riley,Systems Administrator I,criley1f@kickstarter.com,Male,86.0.252.185
53,Gregory,Ward,Community Outreach Specialist,gward1g@cyberchimps.com,Male,199.24.119.52
54,Frances,Bennett,Mechanical Systems Engineer,fbennett1h@mayoclinic.com,Female,205.250.70.92
55,Peter,Adams,Electrical Engineer,padams1i@usnews.com,Male,172.20.253.215
56,Marilyn,Simpson,General Manager,msimpson1j@omniture.com,Female,64.91.226.179
57,Evelyn,Harper,Technical Writer,eharper1k@chronoengine.com,Female,56.85.200.21
58,Sharon,Murphy,Chemical Engineer,smurphy1l@flickr.com,Female,6.3.11.188
59,Carol,Rice,Senior Cost Accountant,crice1m@abc.net.au,Female,120.239.114.246
60,Alan,Cunningham,Web Designer IV,acunningham1n@comcast.net,Male,159.159.224.215
61,Craig,Hanson,Systems Administrator I,chanson1o@usda.gov,Male,243.40.109.141
62,Ashley,Jones,Statistician II,ajones1p@about.com,Female,232.96.242.250
63,Nicholas,Morgan,Speech Pathologist,nmorgan1q@theatlantic.com,Male,215.1.235.49
64,Emily,Lawrence,Senior Developer,elawrence1r@bbb.org,Female,103.10.31.109
65,Martin,Scott,Research Assistant III,mscott1s@cpanel.net,Male,5.169.205.238
66,Irene,Russell,Help Desk Technician,irussell1t@wp.com,Female,74.129.85.135
67,Edward,Harrison,Senior Quality Engineer,eharrison1u@examiner.com,Male,170.164.198.214
68,Roy,Parker,Database Administrator IV,rparker1v@discovery.com,Male,35.77.11.161
69,William,Coleman,Sales Representative,wcoleman1w@wp.com,Male,73.131.59.254
70,Laura,Fuller,Assistant Professor,lfuller1x@marriott.com,Female,179.114.202.241
71,Maria,Wallace,VP Product Management,mwallace1y@independent.co.uk,Female,24.89.215.63
72,Ronald,Ramos,Environmental Specialist,rramos1z@google.com,Male,9.6.238.24
73,Stephanie,Burton,Legal Assistant,sburton20@wired.com,Female,163.71.149.160
74,Robert,James,Civil Engineer,rjames21@360.cn,Male,172.40.160.254
75,Shirley,Rodriguez,Software Test Engineer I,srodriguez22@deliciousdays.com,Female,7.160.248.136
76,Jacqueline,Green,Marketing Manager,jgreen23@wikispaces.com,Female,191.33.166.236
77,Bonnie,Gray,Office Assistant II,bgray24@quantcast.com,Female,229.11.73.88
78,Peter,Sanchez,Quality Engineer,psanchez25@sogou.com,Male,131.115.44.141
79,Jane,Sanchez,Internal Auditor,jsanchez26@oaic.gov.au,Female,11.108.223.11
80,Lisa,Watkins,Associate Professor,lwatkins27@istockphoto.com,Female,203.124.87.59
81,Teresa,Fowler,Compensation Analyst,tfowler28@cmu.edu,Female,56.124.130.75
82,Sean,Day,Nurse Practicioner,sday29@archive.org,Male,170.81.137.183
83,Daniel,Pierce,Pharmacist,dpierce2a@webmd.com,Male,46.58.217.142
84,Christopher,Montgomery,Clinical Specialist,cmontgomery2b@zimbio.com,Male,250.241.238.156
85,Margaret,Ray,Analog Circuit Design manager,mray2c@ucla.edu,Female,227.112.2.34
86,Carolyn,Price,Recruiting Manager,cprice2d@blog.com,Female,168.248.130.250
87,Gloria,Roberts,Dental Hygienist,groberts2e@miibeian.gov.cn,Female,25.111.125.11
88,Justin,Perry,Safety Technician IV,jperry2f@nature.com,Male,36.211.157.183
89,Aaron,Rogers,Operator,arogers2g@boston.com,Male,150.192.165.96
90,Karen,Armstrong,Project Manager,karmstrong2h@cbc.ca,Female,247.103.246.239
91,Aaron,Mills,Computer Systems Analyst I,amills2i@moonfruit.com,Male,148.127.162.203
92,Anne,Mcdonald,Food Chemist,amcdonald2j@creativecommons.org,Female,60.166.103.253
93,Larry,Owens,Director of Sales,lowens2k@cocolog-nifty.com,Male,53.148.13.139
94,Jean,Foster,VP Accounting,jfoster2l@myspace.com,Female,245.132.144.94
95,Jose,Duncan,Chief Design Engineer,jduncan2m@mit.edu,Male,6.166.27.92
96,Annie,Dixon,Financial Advisor,adixon2n@columbia.edu,Female,154.251.94.207
97,Sara,Howell,Nurse,showell2o@columbia.edu,Female,139.64.45.69
98,Lori,Wood,Assistant Professor,lwood2p@fda.gov,Female,39.54.191.76
99,Jerry,Harrison,Programmer III,jharrison2q@berkeley.edu,Male,11.4.101.143
100,Gregory,Austin,Physical Therapy Assistant,gaustin2r@reuters.com,Male,193.223.51.225
101,Donna,Welch,Biostatistician IV,dwelch2s@amazon.de,Female,141.125.36.59
102,Katherine,Wagner,Marketing Manager,kwagner2t@mtv.com,Female,146.144.28.68
103,Lawrence,Jones,Biostatistician II,ljones2u@nsw.gov.au,Male,195.69.242.107
104,Carolyn,Reid,Assistant Media Planner,creid2v@myspace.com,Female,50.193.85.154
105,Nicholas,Moore,Paralegal,nmoore2w@squarespace.com,Male,101.0.86.248
106,Betty,Sanders,Administrative Assistant II,bsanders2x@xrea.com,Female,245.80.230.174
107,Gloria,Edwards,Food Chemist,gedwards2y@china.com.cn,Female,230.41.74.74
108,Emily,Graham,Research Assistant II,egraham2z@xinhuanet.com,Female,105.46.53.171
109,Richard,Stewart,Software Consultant,rstewart30@reddit.com,Male,235.239.219.147
110,Albert,Watkins,Civil Engineer,awatkins31@cbsnews.com,Male,136.207.27.108
111,Joshua,Alvarez,Health Coach III,jalvarez32@google.fr,Male,45.144.209.91
112,Maria,Webb,Research Assistant IV,mwebb33@irs.gov,Female,57.112.20.88
113,Carol,George,Web Designer I,cgeorge34@bloomberg.com,Female,67.61.109.101
114,Gloria,Larson,Computer Systems Analyst III,glarson35@tumblr.com,Female,64.55.224.198
115,Martin,Baker,Environmental Tech,mbaker36@bigcartel.com,Male,9.158.80.249
116,Lawrence,Rodriguez,Design Engineer,lrodriguez37@cmu.edu,Male,240.205.149.134
117,Matthew,Gray,Marketing Assistant,mgray38@moonfruit.com,Male,190.162.30.142
118,Sandra,Lewis,Community Outreach Specialist,slewis39@weather.com,Female,247.242.253.154
119,Nicole,Russell,VP Quality Control,nrussell3a@nature.com,Female,42.10.95.55
120,Howard,Marshall,Database Administrator III,hmarshall3b@senate.gov,Male,211.157.154.167
121,Stephen,Gonzalez,Chemical Engineer,sgonzalez3c@nih.gov,Male,178.172.135.246
122,Irene,Boyd,Administrative Assistant III,iboyd3d@about.me,Female,144.20.180.113
123,Ryan,Oliver,VP Quality Control,roliver3e@chronoengine.com,Male,198.48.202.147
124,Janet,Hunt,Speech Pathologist,jhunt3f@yolasite.com,Female,176.13.171.168
125,Anthony,Burton,Automation Specialist III,aburton3g@answers.com,Male,41.174.106.22
126,Tammy,Hawkins,Dental Hygienist,thawkins3h@unicef.org,Female,255.253.111.74
127,Teresa,Dean,Sales Representative,tdean3i@oracle.com,Female,200.42.146.49
128,Stephen,Gonzalez,Automation Specialist II,sgonzalez3j@bigcartel.com,Male,51.219.29.254
129,Terry,King,Actuary,tking3k@wired.com,Male,250.77.117.13
130,Betty,Ross,Marketing Manager,bross3l@rediff.com,Female,133.165.166.112
131,Patrick,Hudson,Senior Financial Analyst,phudson3m@cocolog-nifty.com,Male,96.33.230.101
132,Lawrence,Howard,Accounting Assistant I,lhoward3n@abc.net.au,Male,130.18.79.58
133,Craig,Ramirez,Paralegal,cramirez3o@tumblr.com,Male,54.109.251.80
134,Walter,Carr,Speech Pathologist,wcarr3p@microsoft.com,Male,38.74.226.50
135,Walter,Gutierrez,Senior Editor,wgutierrez3q@businesswire.com,Male,227.146.186.212
136,Shawn,Bennett,Structural Engineer,sbennett3r@yelp.com,Male,204.114.67.39
137,Edward,Collins,Pharmacist,ecollins3s@china.com.cn,Male,29.176.60.221
138,Joe,Ford,Database Administrator II,jford3t@hp.com,Male,46.237.183.99
139,Alice,Smith,Human Resources Manager,asmith3u@twitpic.com,Female,142.211.235.28
140,Norma,Hughes,VP Sales,nhughes3v@ebay.co.uk,Female,117.6.131.157
141,Helen,Torres,Web Developer IV,htorres3w@nydailynews.com,Female,4.26.163.163
142,Jason,Lewis,Structural Analysis Engineer,jlewis3x@domainmarket.com,Male,219.81.41.236
143,Marilyn,Clark,VP Accounting,mclark3y@hostgator.com,Female,49.147.91.158
144,Jane,Hawkins,Legal Assistant,jhawkins3z@earthlink.net,Female,193.25.174.107
145,Todd,Green,Recruiting Manager,tgreen40@stumbleupon.com,Male,73.237.117.226
146,Tina,Baker,VP Sales,tbaker41@abc.net.au,Female,8.234.178.130
147,Todd,Simpson,Junior Executive,tsimpson42@ibm.com,Male,246.189.122.215
148,Albert,Ramos,Help Desk Technician,aramos43@blogger.com,Male,179.218.102.140
149,Jean,Ferguson,Business Systems Development Analyst,jferguson44@twitpic.com,Female,216.56.22.39
150,Frank,Dixon,Research Associate,fdixon45@edublogs.org,Male,254.115.11.243
151,Melissa,Hamilton,Assistant Manager,mhamilton46@deliciousdays.com,Female,38.96.169.236
152,Craig,James,Programmer III,cjames47@slate.com,Male,187.30.51.10
153,Jonathan,Hayes,Graphic Designer,jhayes48@ibm.com,Male,207.234.25.188
154,Ralph,Grant,Legal Assistant,rgrant49@livejournal.com,Male,156.126.105.134
155,Arthur,Harper,Actuary,aharper4a@cargocollective.com,Male,58.229.20.3
156,Aaron,Bishop,Structural Engineer,abishop4b@desdev.cn,Male,126.119.176.37
157,Jessica,Hughes,Media Manager II,jhughes4c@ustream.tv,Female,4.189.233.64
158,Norma,Sims,Quality Engineer,nsims4d@sun.com,Female,122.20.186.138
159,Irene,Owens,Chief Design Engineer,iowens4e@stumbleupon.com,Female,131.250.47.63
160,Joshua,Hall,Associate Professor,jhall4f@shareasale.com,Male,114.224.245.9
161,Jason,Franklin,Quality Engineer,jfranklin4g@hud.gov,Male,36.97.120.104
162,Beverly,Morales,Account Executive,bmorales4h@liveinternet.ru,Female,71.175.220.78
163,Eric,Burton,Payment Adjustment Coordinator,eburton4i@reuters.com,Male,22.131.201.61
164,Harold,Holmes,Staff Scientist,hholmes4j@uiuc.edu,Male,71.92.234.249
165,Richard,Martinez,Developer II,rmartinez4k@pbs.org,Male,25.113.129.186
166,Todd,Mitchell,Senior Cost Accountant,tmitchell4l@moonfruit.com,Male,13.52.114.196
167,Dennis,Castillo,Web Developer II,dcastillo4m@tuttocitta.it,Male,47.52.71.192
168,Kathleen,Hunt,Librarian,khunt4n@csmonitor.com,Female,5.141.52.187
169,Catherine,Hughes,Junior Executive,chughes4o@rakuten.co.jp,Female,178.28.251.159
170,Mark,Williamson,Marketing Assistant,mwilliamson4p@mashable.com,Male,44.218.54.204
171,Melissa,Gordon,Systems Administrator III,mgordon4q@sina.com.cn,Female,184.200.233.209
172,Todd,Dixon,Human Resources Manager,tdixon4r@free.fr,Male,149.91.238.128
173,Juan,Day,Cost Accountant,jday4s@ask.com,Male,86.250.89.218
174,Lori,Greene,Programmer IV,lgreene4t@wordpress.org,Female,138.179.65.94
175,Teresa,Fuller,Geological Engineer,tfuller4u@nsw.gov.au,Female,214.73.113.100
176,Mildred,Ellis,Accounting Assistant II,mellis4v@odnoklassniki.ru,Female,200.201.50.171
177,Steven,Chavez,Physical Therapy Assistant,schavez4w@ucoz.ru,Male,239.190.45.8
178,Anthony,Ortiz,Senior Editor,aortiz4x@bloomberg.com,Male,87.45.112.167
179,Bonnie,Robertson,Structural Engineer,brobertson4y@godaddy.com,Female,83.101.207.160
180,Brandon,Oliver,Nurse,boliver4z@springer.com,Male,169.67.171.58
181,Samuel,Bishop,VP Sales,sbishop50@prnewswire.com,Male,81.174.60.80
182,Charles,Wallace,Help Desk Technician,cwallace51@bloglines.com,Male,12.99.155.195
183,Jennifer,Webb,Budget/Accounting Analyst IV,jwebb52@chicagotribune.com,Female,155.56.38.72
184,Sandra,Garcia,Community Outreach Specialist,sgarcia53@cargocollective.com,Female,251.100.59.105
185,Carolyn,Brown,Internal Auditor,cbrown54@unicef.org,Female,160.238.205.44
186,James,Turner,Occupational Therapist,jturner55@sina.com.cn,Male,74.10.79.186
187,Lisa,Fox,General Manager,lfox56@typepad.com,Female,137.167.60.57
188,Peter,Anderson,Structural Engineer,panderson57@nba.com,Male,47.59.62.50
189,Lillian,Murphy,Director of Sales,lmurphy58@utexas.edu,Female,240.55.166.34
190,Wanda,Martin,Electrical Engineer,wmartin59@symantec.com,Female,131.231.237.200
191,Teresa,Duncan,Recruiter,tduncan5a@squidoo.com,Female,179.142.157.136
192,Barbara,Peters,Help Desk Operator,bpeters5b@lycos.com,Female,144.102.58.252
193,Juan,Dean,Environmental Tech,jdean5c@dmoz.org,Male,16.98.178.195
194,Jacqueline,Welch,Senior Quality Engineer,jwelch5d@yolasite.com,Female,35.196.162.209
195,Janice,Martinez,Compensation Analyst,jmartinez5e@creativecommons.org,Female,255.21.218.2
196,Thomas,Nichols,Senior Sales Associate,tnichols5f@independent.co.uk,Male,205.153.197.254
197,Ralph,Gordon,Office Assistant II,rgordon5g@hibu.com,Male,109.251.242.17
198,Juan,Spencer,Office Assistant IV,jspencer5h@china.com.cn,Male,141.196.111.180
199,Susan,Mccoy,Business Systems Development Analyst,smccoy5i@dell.com,Female,47.139.37.225
200,Aaron,Phillips,Software Engineer II,aphillips5j@oaic.gov.au,Male,172.37.37.101
201,Lisa,Adams,Structural Engineer,ladams5k@dot.gov,Female,173.231.2.216
202,Michael,Mcdonald,Assistant Manager,mmcdonald5l@salon.com,Male,56.188.35.220
203,Rose,Frazier,Desktop Support Technician,rfrazier5m@edublogs.org,Female,105.91.44.23
204,Carol,Carroll,Research Nurse,ccarroll5n@domainmarket.com,Female,45.219.81.18
205,Billy,Harper,Senior Editor,bharper5o@yolasite.com,Male,118.247.242.232
206,Thomas,Adams,Web Developer II,tadams5p@guardian.co.uk,Male,242.105.21.76
207,Ruth,Ramos,General Manager,rramos5q@reverbnation.com,Female,58.225.184.100
208,Eugene,Cruz,Developer IV,ecruz5r@hhs.gov,Male,131.246.115.26
209,Jennifer,Morgan,Help Desk Operator,jmorgan5s@e-recht24.de,Female,78.105.154.20
210,Antonio,Robertson,Research Associate,arobertson5t@surveymonkey.com,Male,134.225.211.176
211,Karen,Cole,Pharmacist,kcole5u@cbsnews.com,Female,114.170.179.201
212,Janet,Mason,Legal Assistant,jmason5v@shutterfly.com,Female,29.141.63.197
213,Judith,Richards,Project Manager,jrichards5w@nature.com,Female,50.159.165.155
214,Ernest,Martinez,Registered Nurse,emartinez5x@accuweather.com,Male,63.70.186.222
215,Dennis,Thomas,Director of Sales,dthomas5y@epa.gov,Male,129.132.128.28
216,Jane,Ryan,Marketing Assistant,jryan5z@mashable.com,Female,157.123.15.237
217,Douglas,Lawrence,Environmental Specialist,dlawrence60@newyorker.com,Male,93.194.43.192
218,Kenneth,Clark,Teacher,kclark61@mayoclinic.com,Male,89.53.86.38
219,Jose,Alvarez,Physical Therapy Assistant,jalvarez62@sciencedirect.com,Male,150.111.107.172
220,Cheryl,Moore,Account Representative I,cmoore63@tmall.com,Female,246.22.123.108
221,Dorothy,Lynch,Electrical Engineer,dlynch64@wikipedia.org,Female,7.116.11.251
222,Sarah,Stone,Office Assistant III,sstone65@yolasite.com,Female,234.60.44.74
223,Clarence,Bailey,Registered Nurse,cbailey66@nydailynews.com,Male,51.114.104.87
224,Sarah,Mendoza,Software Consultant,smendoza67@people.com.cn,Female,10.238.236.114
225,Willie,Fields,Paralegal,wfields68@mapquest.com,Male,189.106.192.204
226,Eugene,Carter,Media Manager III,ecarter69@is.gd,Male,32.43.31.89
227,David,Castillo,Data Coordiator,dcastillo6a@npr.org,Male,92.104.157.122
228,Louis,Fernandez,Technical Writer,lfernandez6b@nih.gov,Male,255.163.184.253
229,Henry,Kennedy,Executive Secretary,hkennedy6c@soundcloud.com,Male,21.81.112.116
230,Margaret,Russell,Senior Cost Accountant,mrussell6d@trellian.com,Female,193.198.28.162
231,Anthony,Wright,Librarian,awright6e@state.tx.us,Male,147.81.22.251
232,William,Hernandez,Speech Pathologist,whernandez6f@nationalgeographic.com,Male,113.82.9.24
233,Judith,Owens,Nuclear Power Engineer,jowens6g@vimeo.com,Female,130.216.85.113
234,Joe,Anderson,VP Accounting,janderson6h@paginegialle.it,Male,73.137.65.51
235,Richard,Collins,Office Assistant II,rcollins6i@tamu.edu,Male,160.215.72.83
236,Jean,Gordon,Structural Analysis Engineer,jgordon6j@unc.edu,Female,74.93.125.143
237,Rose,Hughes,Mechanical Systems Engineer,rhughes6k@latimes.com,Female,222.30.40.103
238,Jerry,Gonzalez,GIS Technical Architect,jgonzalez6l@sina.com.cn,Male,248.109.152.161
239,Robin,Wallace,Human Resources Manager,rwallace6m@boston.com,Female,220.135.1.43
240,Matthew,Chavez,Mechanical Systems Engineer,mchavez6n@java.com,Male,165.185.85.165
241,Antonio,Bryant,Physical Therapy Assistant,abryant6o@google.com.br,Male,215.19.18.131
242,Aaron,Spencer,Marketing Assistant,aspencer6p@instagram.com,Male,173.21.15.63
243,Janet,Alvarez,Mechanical Systems Engineer,jalvarez6q@imageshack.us,Female,111.90.118.240
244,Mark,George,Tax Accountant,mgeorge6r@clickbank.net,Male,60.82.78.77
245,Sara,Richards,Administrative Officer,srichards6s@e-recht24.de,Female,23.99.58.174
246,Earl,Kelly,Research Assistant IV,ekelly6t@nsw.gov.au,Male,154.71.92.1
247,Kathy,King,Environmental Tech,kking6u@prweb.com,Female,152.116.2.42
248,Maria,Ray,Professor,mray6v@webeden.co.uk,Female,164.126.176.136
249,Joan,Perez,Systems Administrator III,jperez6w@desdev.cn,Female,225.101.21.101
250,Carol,Tucker,Clinical Specialist,ctucker6x@wiley.com,Female,39.28.161.234
251,Mark,Hansen,Geologist II,mhansen6y@histats.com,Male,167.16.230.62
252,Jack,Lawrence,Speech Pathologist,jlawrence6z@godaddy.com,Male,131.103.94.203
253,Maria,Warren,Financial Analyst,mwarren70@ftc.gov,Female,232.216.108.92
254,Heather,Burke,Junior Executive,hburke71@berkeley.edu,Female,81.218.17.142
255,Jimmy,Bell,Professor,jbell72@reverbnation.com,Male,173.48.202.30
256,Mildred,Long,Nurse Practicioner,mlong73@pcworld.com,Female,60.94.152.172
257,Evelyn,Weaver,VP Product Management,eweaver74@ted.com,Female,210.61.184.131
258,Sharon,Russell,Junior Executive,srussell75@uiuc.edu,Female,67.144.0.71
259,William,Davis,Food Chemist,wdavis76@weibo.com,Male,71.183.96.120
260,Kevin,Henry,Recruiting Manager,khenry77@wikipedia.org,Male,194.139.6.34
261,Douglas,Johnson,VP Quality Control,djohnson78@goo.ne.jp,Male,21.41.211.22
262,Louis,Knight,Graphic Designer,lknight79@skyrock.com,Male,66.230.132.190
263,Judy,Wheeler,Analog Circuit Design manager,jwheeler7a@fc2.com,Female,176.98.76.141
264,Dennis,Cooper,Database Administrator II,dcooper7b@theatlantic.com,Male,191.249.37.139
265,Judith,Hawkins,Statistician IV,jhawkins7c@fastcompany.com,Female,175.45.153.0
266,Roger,Sanders,Information Systems Manager,rsanders7d@bbc.co.uk,Male,3.221.19.89
267,Paul,Carroll,Marketing Manager,pcarroll7e@yelp.com,Male,9.135.66.156
268,Betty,Fuller,Geological Engineer,bfuller7f@chronoengine.com,Female,175.12.15.88
269,Marie,Porter,Legal Assistant,mporter7g@mit.edu,Female,52.49.35.157
270,Alice,Long,Associate Professor,along7h@ucoz.ru,Female,243.131.189.63
271,Marilyn,Davis,Editor,mdavis7i@scribd.com,Female,40.249.164.135
272,Jerry,Kim,Nurse Practicioner,jkim7j@feedburner.com,Male,213.191.203.198
273,Earl,Walker,Biostatistician II,ewalker7k@ask.com,Male,119.232.168.39
274,Denise,Lane,Budget/Accounting Analyst II,dlane7l@amazonaws.com,Female,125.93.248.99
275,Janice,Perkins,Legal Assistant,jperkins7m@parallels.com,Female,184.58.197.157
276,Walter,Kennedy,Geological Engineer,wkennedy7n@webmd.com,Male,178.152.62.93
277,Deborah,Long,Mechanical Systems Engineer,dlong7o@uiuc.edu,Female,51.195.112.255
278,Harry,Palmer,Analyst Programmer,hpalmer7p@altervista.org,Male,41.203.201.5
279,Nicholas,Fisher,Research Associate,nfisher7q@altervista.org,Male,4.148.238.205
280,Jeffrey,Castillo,Systems Administrator IV,jcastillo7r@paypal.com,Male,190.214.121.101
281,Joshua,Bennett,Pharmacist,jbennett7s@icq.com,Male,7.141.205.8
282,Laura,Ramirez,Social Worker,lramirez7t@kickstarter.com,Female,5.207.52.46
283,Sarah,Boyd,Paralegal,sboyd7u@hatena.ne.jp,Female,13.166.41.137
284,Donald,Gonzales,Software Test Engineer I,dgonzales7v@yelp.com,Male,214.156.60.27
285,Jeffrey,Hunt,Programmer Analyst III,jhunt7w@dedecms.com,Male,156.180.204.62
286,Terry,Roberts,Civil Engineer,troberts7x@elpais.com,Male,50.170.167.184
287,James,Hamilton,Structural Engineer,jhamilton7y@patch.com,Male,132.92.23.172
288,Cynthia,Wallace,GIS Technical Architect,cwallace7z@unicef.org,Female,188.143.72.18
289,Kathryn,Banks,Environmental Specialist,kbanks80@vinaora.com,Female,174.230.41.116
290,Kevin,Rodriguez,Computer Systems Analyst III,krodriguez81@reference.com,Male,222.94.194.21
291,Carl,Miller,Speech Pathologist,cmiller82@msu.edu,Male,55.220.196.102
292,Theresa,Stanley,Quality Control Specialist,tstanley83@blinklist.com,Female,44.55.183.227
293,Brian,Long,Clinical Specialist,blong84@blogs.com,Male,158.124.155.61
294,Carlos,Oliver,Safety Technician II,coliver85@npr.org,Male,118.112.154.168
295,Diana,Burke,Help Desk Technician,dburke86@reference.com,Female,219.25.93.49
296,Robert,Hill,Compensation Analyst,rhill87@woothemes.com,Male,186.149.35.189
297,Susan,Turner,Payment Adjustment Coordinator,sturner88@shop-pro.jp,Female,52.249.144.147
298,Robert,Porter,Librarian,rporter89@boston.com,Male,70.107.96.250
299,Julia,Snyder,Senior Financial Analyst,jsnyder8a@jalbum.net,Female,222.123.121.169
300,Johnny,Scott,Graphic Designer,jscott8b@cocolog-nifty.com,Male,243.104.133.244
301,Eugene,Harper,Nuclear Power Engineer,eharper8c@jigsy.com,Male,90.67.238.254
302,Lawrence,Mitchell,Food Chemist,lmitchell8d@stanford.edu,Male,220.124.34.3
303,Edward,Ruiz,Nurse,eruiz8e@shop-pro.jp,Male,166.158.170.117
304,Kathy,Alvarez,Assistant Media Planner,kalvarez8f@privacy.gov.au,Female,233.104.4.114
305,Andrew,Snyder,Director of Sales,asnyder8g@yahoo.com,Male,59.42.5.103
306,Johnny,Diaz,Systems Administrator IV,jdiaz8h@google.fr,Male,186.179.68.201
307,Lisa,Grant,Product Engineer,lgrant8i@wordpress.org,Female,248.12.116.219
308,Willie,Austin,Environmental Tech,waustin8j@slideshare.net,Male,157.128.50.89
309,Lillian,Black,Biostatistician III,lblack8k@mapy.cz,Female,59.239.218.222
310,Judith,Wilson,Marketing Manager,jwilson8l@google.com,Female,232.98.140.246
311,James,Ferguson,Tax Accountant,jferguson8m@yolasite.com,Male,219.147.103.42
312,Joseph,Price,Chemical Engineer,jprice8n@php.net,Male,75.235.59.56
313,Henry,Williams,Food Chemist,hwilliams8o@npr.org,Male,126.52.164.88
314,Jeremy,Hanson,Statistician I,jhanson8p@soundcloud.com,Male,181.248.203.253
315,Rebecca,Clark,Product Engineer,rclark8q@aboutads.info,Female,59.22.195.175
316,Howard,Vasquez,Nuclear Power Engineer,hvasquez8r@cbsnews.com,Male,116.5.178.90
317,Lawrence,Martin,Senior Developer,lmartin8s@ftc.gov,Male,244.3.108.182
318,Joe,Rogers,Dental Hygienist,jrogers8t@nih.gov,Male,223.59.186.27
319,Albert,Bell,Project Manager,abell8u@xing.com,Male,153.77.198.186
320,Tina,Diaz,Nurse,tdiaz8v@topsy.com,Female,20.130.254.155
321,Ronald,Oliver,Financial Advisor,roliver8w@youku.com,Male,243.100.70.228
322,Roger,Peterson,Computer Systems Analyst II,rpeterson8x@rediff.com,Male,149.202.222.204
323,Joseph,Pierce,Assistant Manager,jpierce8y@storify.com,Male,111.137.102.243
324,Antonio,Rivera,Help Desk Operator,arivera8z@cornell.edu,Male,166.97.80.84
325,Julie,Adams,Assistant Professor,jadams90@google.com.br,Female,240.173.191.123
326,Richard,Powell,Geological Engineer,rpowell91@wired.com,Male,77.93.176.50
327,Paul,Fuller,Speech Pathologist,pfuller92@amazon.com,Male,227.138.123.234
328,Doris,Ramos,VP Product Management,dramos93@mail.ru,Female,161.67.209.7
329,Bruce,Black,Sales Associate,bblack94@bloomberg.com,Male,71.23.156.243
330,Joshua,Carter,Account Coordinator,jcarter95@ustream.tv,Male,217.192.178.2
331,Willie,Matthews,Technical Writer,wmatthews96@utexas.edu,Male,91.229.146.64
332,Carolyn,Allen,Internal Auditor,callen97@angelfire.com,Female,86.104.143.147
333,James,Bailey,Civil Engineer,jbailey98@blogger.com,Male,56.253.84.125
334,Kathy,Hill,Compensation Analyst,khill99@addtoany.com,Female,2.233.234.244
335,Evelyn,Morrison,Help Desk Technician,emorrison9a@dell.com,Female,126.113.187.54
336,Daniel,Ruiz,Safety Technician II,druiz9b@globo.com,Male,187.186.205.181
337,Evelyn,Howard,Account Representative IV,ehoward9c@army.mil,Female,166.93.230.220
338,Christine,Little,Developer III,clittle9d@nature.com,Female,206.20.192.72
339,Tammy,Oliver,Recruiting Manager,toliver9e@123-reg.co.uk,Female,68.192.110.221
340,Irene,Ortiz,Developer IV,iortiz9f@google.com,Female,97.85.20.41
341,William,Perkins,Technical Writer,wperkins9g@amazon.com,Male,227.231.112.3
342,Gloria,Harrison,Clinical Specialist,gharrison9h@who.int,Female,102.67.204.180
343,Larry,Peterson,Nuclear Power Engineer,lpeterson9i@reuters.com,Male,70.192.167.188
344,Keith,Cooper,Biostatistician IV,kcooper9j@discovery.com,Male,88.85.69.166
345,Maria,Fields,Analog Circuit Design manager,mfields9k@bbb.org,Female,55.148.156.2
346,Julia,Fernandez,Quality Control Specialist,jfernandez9l@jugem.jp,Female,147.168.85.151
347,Melissa,Howell,Social Worker,mhowell9m@cbsnews.com,Female,103.198.165.210
348,Kathryn,Dixon,Environmental Specialist,kdixon9n@twitpic.com,Female,248.166.214.185
349,Steven,Phillips,Help Desk Technician,sphillips9o@nationalgeographic.com,Male,180.107.225.234
350,Jerry,Meyer,VP Quality Control,jmeyer9p@businessinsider.com,Male,164.193.26.183
351,Martha,Stone,Research Associate,mstone9q@addtoany.com,Female,166.12.101.156
352,Andrea,Murphy,Media Manager III,amurphy9r@slideshare.net,Female,42.247.208.163
353,George,Reynolds,Nuclear Power Engineer,greynolds9s@nytimes.com,Male,227.215.222.158
354,Patrick,Howell,Web Designer IV,phowell9t@bloomberg.com,Male,67.168.235.244
355,Jacqueline,Long,Environmental Tech,jlong9u@mozilla.com,Female,142.41.182.253
356,Antonio,Knight,Budget/Accounting Analyst III,aknight9v@mac.com,Male,147.102.52.21
357,Rachel,Adams,Nuclear Power Engineer,radams9w@youtube.com,Female,170.182.195.214
358,Jessica,Jackson,Director of Sales,jjackson9x@uol.com.br,Female,119.71.198.208
359,John,Arnold,Business Systems Development Analyst,jarnold9y@issuu.com,Male,222.77.178.213
360,Edward,Porter,Quality Control Specialist,eporter9z@mapquest.com,Male,210.86.69.62
361,Ernest,Ford,Senior Editor,eforda0@prweb.com,Male,181.115.129.65
362,Daniel,Morrison,Analyst Programmer,dmorrisona1@mit.edu,Male,194.248.193.238
363,Joshua,Duncan,Accountant II,jduncana2@goo.ne.jp,Male,122.41.223.12
364,Martha,Hill,Recruiter,mhilla3@pagesperso-orange.fr,Female,9.249.50.85
365,Bobby,Kelley,Analyst Programmer,bkelleya4@ftc.gov,Male,19.83.110.103
366,Phillip,Warren,Product Engineer,pwarrena5@flickr.com,Male,202.123.65.97
367,Beverly,Peterson,Research Associate,bpetersona6@weather.com,Female,65.223.26.217
368,Bruce,Rodriguez,Tax Accountant,brodrigueza7@so-net.ne.jp,Male,133.176.209.159
369,Rebecca,Turner,Assistant Professor,rturnera8@indiatimes.com,Female,79.136.60.59
370,James,Clark,Food Chemist,jclarka9@abc.net.au,Male,51.70.109.177
371,Bobby,Burns,Database Administrator IV,bburnsaa@mashable.com,Male,37.10.26.227
372,Kimberly,Watson,Sales Associate,kwatsonab@sakura.ne.jp,Female,75.121.203.156
373,Walter,Dixon,Biostatistician II,wdixonac@home.pl,Male,121.139.250.155
374,Robert,Gray,Legal Assistant,rgrayad@abc.net.au,Male,162.215.8.112
375,Raymond,Ortiz,Structural Engineer,rortizae@java.com,Male,3.164.73.213
376,Richard,Schmidt,Human Resources Manager,rschmidtaf@macromedia.com,Male,3.51.74.54
377,Betty,Nichols,Health Coach II,bnicholsag@spiegel.de,Female,45.91.32.200
378,Earl,Morgan,Director of Sales,emorganah@unesco.org,Male,164.116.155.114
379,Louise,Carpenter,VP Product Management,lcarpenterai@dell.com,Female,115.233.213.49
380,Howard,Williams,Speech Pathologist,hwilliamsaj@stumbleupon.com,Male,61.236.30.224
381,Jose,Johnson,Safety Technician IV,jjohnsonak@qq.com,Male,131.218.12.255
382,Joan,Nelson,Assistant Manager,jnelsonal@cdc.gov,Female,185.187.49.84
383,Shirley,Lawson,Developer II,slawsonam@eventbrite.com,Female,176.89.64.14
384,Evelyn,Garcia,Programmer I,egarciaan@addthis.com,Female,115.212.31.149
385,Julie,Myers,Geologist IV,jmyersao@nba.com,Female,106.179.205.215
386,Paul,Myers,Chemical Engineer,pmyersap@yahoo.co.jp,Male,58.0.193.114
387,Kathleen,Watson,Tax Accountant,kwatsonaq@intel.com,Female,67.1.33.65
388,Sharon,Nichols,Social Worker,snicholsar@cargocollective.com,Female,176.146.131.31
389,Ronald,Ray,Electrical Engineer,rrayas@parallels.com,Male,94.78.117.197
390,Ashley,Reyes,Junior Executive,areyesat@state.tx.us,Female,105.194.151.116
391,Larry,Lynch,Media Manager III,llynchau@npr.org,Male,46.9.144.143
392,Helen,Howell,Social Worker,hhowellav@g.co,Female,239.37.84.134
393,Bobby,Reid,Developer II,breidaw@bloglovin.com,Male,211.56.145.66
394,Victor,Parker,Senior Quality Engineer,vparkerax@sciencedirect.com,Male,2.150.205.13
395,Amanda,Gonzales,Sales Associate,agonzalesay@vinaora.com,Female,195.88.236.107
396,Fred,Reyes,Data Coordiator,freyesaz@marriott.com,Male,247.97.222.43
397,Laura,Griffin,Staff Scientist,lgriffinb0@goo.gl,Female,162.214.252.174
398,Denise,Nichols,GIS Technical Architect,dnicholsb1@ovh.net,Female,133.112.251.254
399,Jean,Powell,Programmer Analyst II,jpowellb2@trellian.com,Female,154.97.55.202
400,Phillip,Bailey,Project Manager,pbaileyb3@tinypic.com,Male,156.244.73.62
401,Phillip,Hunter,Compensation Analyst,phunterb4@wired.com,Male,89.147.52.222
402,Joe,Austin,Recruiting Manager,jaustinb5@weibo.com,Male,20.23.207.2
403,Denise,Morrison,Nurse,dmorrisonb6@1und1.de,Female,181.191.219.58
404,Katherine,Oliver,Paralegal,koliverb7@latimes.com,Female,62.117.6.80
405,Jennifer,Woods,Chemical Engineer,jwoodsb8@exblog.jp,Female,80.177.253.93
406,Margaret,Peters,Environmental Tech,mpetersb9@purevolume.com,Female,226.205.211.157
407,Bonnie,Fox,VP Sales,bfoxba@gizmodo.com,Female,186.9.237.118
408,Jonathan,Watson,Compensation Analyst,jwatsonbb@msn.com,Male,112.221.34.243
409,Wayne,Mills,Food Chemist,wmillsbc@google.co.uk,Male,125.253.109.10
410,Cheryl,Ferguson,Analyst Programmer,cfergusonbd@issuu.com,Female,213.6.150.47
411,Karen,Fowler,Staff Scientist,kfowlerbe@merriam-webster.com,Female,243.35.146.134
412,Gloria,Ross,Editor,grossbf@irs.gov,Female,2.71.18.27
413,Teresa,Weaver,Automation Specialist II,tweaverbg@fotki.com,Female,168.68.99.174
414,Heather,Morgan,Community Outreach Specialist,hmorganbh@vistaprint.com,Female,181.35.140.252
415,Evelyn,Kennedy,Environmental Specialist,ekennedybi@fastcompany.com,Female,151.139.10.196
416,Bobby,Simmons,Senior Developer,bsimmonsbj@qq.com,Male,114.240.149.214
417,Jimmy,Chavez,Executive Secretary,jchavezbk@vimeo.com,Male,91.232.25.155
418,Mary,Hamilton,Internal Auditor,mhamiltonbl@shareasale.com,Female,243.94.143.247
419,Jeremy,Vasquez,Database Administrator II,jvasquezbm@walmart.com,Male,122.4.188.221
420,Judith,Cox,Help Desk Technician,jcoxbn@berkeley.edu,Female,214.225.126.149
421,Cheryl,Edwards,Accounting Assistant IV,cedwardsbo@redcross.org,Female,188.82.236.115
422,Gloria,Porter,Health Coach III,gporterbp@wikipedia.org,Female,225.142.175.79
423,Marilyn,Romero,Dental Hygienist,mromerobq@chicagotribune.com,Female,121.65.89.29
424,Irene,Carroll,Senior Developer,icarrollbr@jalbum.net,Female,207.203.4.107
425,Michelle,Graham,Help Desk Technician,mgrahambs@exblog.jp,Female,196.86.160.165
426,Martin,Gonzalez,Technical Writer,mgonzalezbt@nytimes.com,Male,239.183.11.243
427,Frances,Ryan,Nurse,fryanbu@cbslocal.com,Female,171.192.11.174
428,Frances,Armstrong,Physical Therapy Assistant,farmstrongbv@toplist.cz,Female,203.227.27.136
429,Helen,Alexander,Web Designer II,halexanderbw@timesonline.co.uk,Female,67.156.80.124
430,Carlos,Greene,Dental Hygienist,cgreenebx@yelp.com,Male,53.20.163.150
431,Amanda,Campbell,Systems Administrator II,acampbellby@engadget.com,Female,144.84.42.79
432,Russell,Little,Geological Engineer,rlittlebz@google.com.hk,Male,193.63.35.213
433,Angela,Kennedy,Help Desk Technician,akennedyc0@typepad.com,Female,232.31.24.162
434,Jimmy,Fisher,Senior Editor,jfisherc1@earthlink.net,Male,42.43.194.215
435,Anna,Green,Administrative Assistant I,agreenc2@nymag.com,Female,131.88.49.70
436,Marilyn,Morrison,Editor,mmorrisonc3@sbwire.com,Female,221.93.90.0
437,Jane,Grant,Design Engineer,jgrantc4@senate.gov,Female,235.19.84.206
438,Deborah,Ruiz,Software Test Engineer III,druizc5@ted.com,Female,20.225.29.194
439,Maria,Knight,VP Quality Control,mknightc6@princeton.edu,Female,13.144.151.188
440,Katherine,Stanley,Health Coach I,kstanleyc7@sohu.com,Female,198.181.212.165
441,Antonio,Murphy,Executive Secretary,amurphyc8@infoseek.co.jp,Male,92.220.31.151
442,Ashley,Baker,Compensation Analyst,abakerc9@alexa.com,Female,3.132.123.3
443,Martin,Owens,Clinical Specialist,mowensca@toplist.cz,Male,187.107.93.33
444,Rose,Kelley,Occupational Therapist,rkelleycb@boston.com,Female,117.33.25.205
445,Douglas,Scott,Junior Executive,dscottcc@com.com,Male,240.68.232.96
446,Jeffrey,Carter,Assistant Professor,jcartercd@scribd.com,Male,168.168.114.196
447,Mary,Daniels,Human Resources Manager,mdanielsce@imageshack.us,Female,146.8.16.226
448,Judy,Dean,Paralegal,jdeancf@senate.gov,Female,16.152.197.157
449,Irene,Webb,Librarian,iwebbcg@cocolog-nifty.com,Female,135.17.98.55
450,William,Martin,Accounting Assistant I,wmartinch@51.la,Male,11.250.244.112
451,Emily,Brown,Programmer Analyst III,ebrownci@163.com,Female,156.97.29.25
452,Bruce,King,Physical Therapy Assistant,bkingcj@sbwire.com,Male,16.140.111.40
453,Diana,Watkins,Technical Writer,dwatkinsck@t-online.de,Female,60.121.254.170
454,Catherine,Ortiz,Dental Hygienist,cortizcl@woothemes.com,Female,181.11.186.180
455,Judy,Simmons,Database Administrator I,jsimmonscm@sun.com,Female,2.6.16.233
456,Samuel,Wood,Civil Engineer,swoodcn@facebook.com,Male,104.167.153.206
457,Judy,Rogers,Help Desk Operator,jrogersco@mayoclinic.com,Female,219.169.8.55
458,Willie,Duncan,Senior Cost Accountant,wduncancp@dagondesign.com,Male,120.70.166.253
459,Larry,Arnold,Research Associate,larnoldcq@simplemachines.org,Male,39.121.191.253
460,Patrick,Knight,Developer I,pknightcr@g.co,Male,206.90.18.70
461,Frank,Shaw,Professor,fshawcs@e-recht24.de,Male,202.8.150.28
462,Raymond,Montgomery,Budget/Accounting Analyst IV,rmontgomeryct@ocn.ne.jp,Male,6.131.131.78
463,Mark,Brown,Senior Financial Analyst,mbrowncu@friendfeed.com,Male,149.239.69.248
464,Donna,Diaz,Structural Analysis Engineer,ddiazcv@biblegateway.com,Female,6.68.196.125
465,Kathryn,Grant,Speech Pathologist,kgrantcw@cornell.edu,Female,198.113.156.198
466,Judy,Davis,Accountant III,jdaviscx@thetimes.co.uk,Female,240.60.19.233
467,Tammy,Parker,Research Associate,tparkercy@indiegogo.com,Female,47.218.20.94
468,Matthew,Armstrong,Quality Engineer,marmstrongcz@dailymotion.com,Male,178.215.223.116
469,Shirley,Mendoza,Geologist I,smendozad0@dagondesign.com,Female,152.210.93.115
470,Mary,Watkins,Media Manager I,mwatkinsd1@bandcamp.com,Female,56.52.181.97
471,Henry,Knight,Legal Assistant,hknightd2@etsy.com,Male,181.71.70.181
472,Rose,Hall,Payment Adjustment Coordinator,rhalld3@joomla.org,Female,102.99.176.26
473,Thomas,Duncan,Human Resources Manager,tduncand4@scientificamerican.com,Male,0.75.141.70
474,Donald,Gilbert,Safety Technician III,dgilbertd5@cisco.com,Male,84.127.162.2
475,Frank,Martinez,Project Manager,fmartinezd6@blog.com,Male,125.89.24.182
476,Norma,Weaver,Nuclear Power Engineer,nweaverd7@marriott.com,Female,235.197.96.88
477,Mary,Alexander,Registered Nurse,malexanderd8@ftc.gov,Female,70.152.89.147
478,John,Diaz,Tax Accountant,jdiazd9@exblog.jp,Male,160.11.121.153
479,Annie,Daniels,Chemical Engineer,adanielsda@webeden.co.uk,Female,224.140.247.232
480,Keith,Hughes,Desktop Support Technician,khughesdb@hexun.com,Male,239.200.190.137
481,Benjamin,Banks,Geologist II,bbanksdc@bbc.co.uk,Male,42.35.221.60
482,Carlos,Clark,Desktop Support Technician,cclarkdd@ycombinator.com,Male,241.172.122.29
483,Denise,Adams,Internal Auditor,dadamsde@soundcloud.com,Female,211.149.107.86
484,Ralph,Rogers,Account Representative I,rrogersdf@hugedomains.com,Male,61.56.37.11
485,Kathy,Turner,VP Quality Control,kturnerdg@xinhuanet.com,Female,229.48.95.47
486,Anthony,Austin,VP Quality Control,aaustindh@dedecms.com,Male,111.254.22.164
487,Gloria,Dunn,VP Sales,gdunndi@comcast.net,Female,33.62.221.64
488,Debra,Smith,Junior Executive,dsmithdj@seesaa.net,Female,107.17.175.47
489,Ashley,Larson,Electrical Engineer,alarsondk@youtu.be,Female,168.196.229.251
490,Karen,Allen,Developer III,kallendl@istockphoto.com,Female,61.115.204.3
491,Dorothy,Ray,Programmer Analyst II,draydm@unc.edu,Female,248.198.105.97
492,Roger,Lee,Editor,rleedn@blinklist.com,Male,234.218.139.108
493,Jeffrey,Oliver,Software Consultant,joliverdo@wordpress.com,Male,195.23.33.42
494,Kelly,Stanley,VP Quality Control,kstanleydp@storify.com,Female,91.151.100.208
495,Bonnie,Nichols,Assistant Manager,bnicholsdq@instagram.com,Female,12.162.250.242
496,Jacqueline,Lewis,Senior Cost Accountant,jlewisdr@hexun.com,Female,121.143.75.140
497,Earl,Jones,Electrical Engineer,ejonesds@shutterfly.com,Male,166.109.56.187
498,Stephen,Lynch,Office Assistant III,slynchdt@engadget.com,Male,122.122.17.176
499,Dorothy,Oliver,Assistant Professor,doliverdu@sohu.com,Female,91.214.44.173
500,William,Myers,Administrative Officer,wmyersdv@is.gd,Male,137.174.17.105
501,Nancy,Powell,Occupational Therapist,npowelldw@ovh.net,Female,56.102.163.103
502,Donna,Cruz,General Manager,dcruzdx@usnews.com,Female,139.166.235.16
503,Susan,Watkins,Analog Circuit Design manager,swatkinsdy@economist.com,Female,71.193.186.229
504,Eugene,Fernandez,VP Quality Control,efernandezdz@sun.com,Male,43.151.249.118
505,Dennis,Rogers,Community Outreach Specialist,drogerse0@nydailynews.com,Male,53.21.164.250
506,Carlos,Rice,VP Marketing,cricee1@yahoo.com,Male,226.39.241.30
507,Andrew,Snyder,Marketing Manager,asnydere2@npr.org,Male,18.91.56.244
508,Michael,Howard,Software Test Engineer III,mhowarde3@imageshack.us,Male,80.255.191.245
509,Earl,Simmons,Sales Representative,esimmonse4@dailymotion.com,Male,51.111.241.117
510,Jack,Tucker,Health Coach IV,jtuckere5@cnbc.com,Male,99.78.3.191
511,Rachel,Wilson,Staff Scientist,rwilsone6@shop-pro.jp,Female,176.32.68.165
512,Katherine,Rivera,Quality Engineer,kriverae7@webnode.com,Female,59.97.11.244
513,Martha,Gomez,Financial Analyst,mgomeze8@geocities.jp,Female,126.37.73.155
514,Jack,Jacobs,Human Resources Assistant II,jjacobse9@dedecms.com,Male,4.215.43.203
515,Joe,Hicks,Junior Executive,jhicksea@amazon.co.uk,Male,109.15.229.125
516,Lois,Bishop,Sales Associate,lbishopeb@amazon.com,Female,168.160.27.209
517,Tammy,Perry,Administrative Officer,tperryec@techcrunch.com,Female,217.56.16.177
518,Harry,Palmer,Account Representative I,hpalmered@army.mil,Male,222.232.27.109
519,Robert,Simpson,Human Resources Manager,rsimpsonee@about.me,Male,253.142.101.132
520,Mary,Stephens,Teacher,mstephensef@com.com,Female,194.18.225.28
521,Raymond,Powell,Quality Control Specialist,rpowelleg@cnbc.com,Male,105.248.43.215
522,Carlos,Schmidt,Marketing Manager,cschmidteh@google.com.au,Male,146.96.184.229
523,Joseph,Harrison,VP Accounting,jharrisonei@microsoft.com,Male,103.227.178.186
524,Harry,Bowman,Editor,hbowmanej@behance.net,Male,164.175.193.173
525,Dennis,Hayes,Computer Systems Analyst II,dhayesek@bing.com,Male,128.137.195.182
526,Anthony,Porter,Marketing Assistant,aporterel@cnet.com,Male,161.213.231.91
527,Mildred,Reed,Editor,mreedem@netlog.com,Female,98.29.210.7
528,Lillian,Bennett,Recruiting Manager,lbennetten@feedburner.com,Female,41.12.118.27
529,Matthew,Holmes,Research Assistant II,mholmeseo@bing.com,Male,78.23.232.17
530,Craig,Stevens,Food Chemist,cstevensep@seesaa.net,Male,237.115.14.115
531,Donna,Garza,Compensation Analyst,dgarzaeq@sfgate.com,Female,85.144.166.58
532,Donna,Weaver,Associate Professor,dweaverer@ucsd.edu,Female,77.82.151.129
533,Richard,Mason,Help Desk Technician,rmasones@ning.com,Male,54.110.183.44
534,Nicole,Johnston,Structural Analysis Engineer,njohnstonet@symantec.com,Female,198.178.65.127
535,Theresa,Smith,Marketing Manager,tsmitheu@wikispaces.com,Female,177.97.3.86
536,Steve,Daniels,Associate Professor,sdanielsev@businessweek.com,Male,78.20.182.155
537,John,Cox,Senior Quality Engineer,jcoxew@addtoany.com,Male,158.169.57.116
538,Amy,Russell,Office Assistant III,arussellex@addthis.com,Female,2.177.219.158
539,Michelle,Ellis,Senior Quality Engineer,mellisey@bbc.co.uk,Female,14.111.185.60
540,Ralph,Wells,Physical Therapy Assistant,rwellsez@paypal.com,Male,201.25.20.205
541,Sarah,Wright,Analyst Programmer,swrightf0@columbia.edu,Female,249.233.56.154
542,Louise,Morgan,Dental Hygienist,lmorganf1@blogspot.com,Female,11.69.185.252
543,Bonnie,Rose,Quality Control Specialist,brosef2@businessweek.com,Female,124.127.147.11
544,Jacqueline,Arnold,Media Manager III,jarnoldf3@house.gov,Female,137.166.208.96
545,Barbara,Burton,Senior Editor,bburtonf4@accuweather.com,Female,9.3.10.197
546,Phillip,Perry,Nuclear Power Engineer,pperryf5@amazon.co.jp,Male,214.139.244.89
547,Karen,Simpson,Registered Nurse,ksimpsonf6@icq.com,Female,10.46.43.249
548,James,Spencer,Senior Sales Associate,jspencerf7@google.ru,Male,60.81.85.123
549,Rose,Weaver,Software Engineer III,rweaverf8@discuz.net,Female,244.196.152.28
550,Walter,Clark,VP Marketing,wclarkf9@uol.com.br,Male,157.128.237.50
551,Steve,Hughes,Account Executive,shughesfa@deviantart.com,Male,104.234.53.100
552,Kenneth,Franklin,Safety Technician III,kfranklinfb@tumblr.com,Male,15.246.142.145
553,Judy,White,Engineer II,jwhitefc@japanpost.jp,Female,134.90.188.86
554,Shirley,Andrews,Paralegal,sandrewsfd@army.mil,Female,34.252.189.205
555,Nicholas,Sanders,Structural Engineer,nsandersfe@csmonitor.com,Male,219.91.205.178
556,Craig,Gonzales,Senior Quality Engineer,cgonzalesff@amazonaws.com,Male,25.245.64.234
557,Patrick,Hunt,Electrical Engineer,phuntfg@shop-pro.jp,Male,91.87.42.78
558,Michael,Young,VP Sales,myoungfh@ezinearticles.com,Male,214.116.100.39
559,Amanda,Hart,Office Assistant III,ahartfi@theguardian.com,Female,160.42.204.35
560,Sarah,Dunn,Occupational Therapist,sdunnfj@cmu.edu,Female,107.176.61.232
561,Elizabeth,Myers,Automation Specialist IV,emyersfk@unesco.org,Female,108.247.224.37
562,Douglas,Williams,Staff Accountant II,dwilliamsfl@51.la,Male,205.230.45.151
563,Ann,Meyer,VP Product Management,ameyerfm@blinklist.com,Female,29.176.189.255
564,Shawn,Green,Food Chemist,sgreenfn@msn.com,Male,0.34.149.250
565,James,Ray,Cost Accountant,jrayfo@oracle.com,Male,202.237.107.239
566,Harry,George,Account Executive,hgeorgefp@opera.com,Male,200.27.160.36
567,Robin,Cox,Paralegal,rcoxfq@nature.com,Female,143.192.208.56
568,Johnny,Fernandez,Geological Engineer,jfernandezfr@blogspot.com,Male,105.86.16.64
569,Gregory,Barnes,Electrical Engineer,gbarnesfs@aol.com,Male,118.128.206.250
570,Judith,Harvey,Automation Specialist II,jharveyft@prnewswire.com,Female,195.139.9.205
571,Henry,Riley,Human Resources Manager,hrileyfu@issuu.com,Male,14.254.83.179
572,Gary,Vasquez,Associate Professor,gvasquezfv@constantcontact.com,Male,150.134.68.56
573,Tammy,Burke,Assistant Professor,tburkefw@barnesandnoble.com,Female,184.89.27.95
574,Diana,Foster,Community Outreach Specialist,dfosterfx@dropbox.com,Female,193.155.55.15
575,Jacqueline,Kelley,Mechanical Systems Engineer,jkelleyfy@blogger.com,Female,126.88.178.79
576,Shawn,Fox,Data Coordiator,sfoxfz@businessweek.com,Male,240.165.177.132
577,Kenneth,Freeman,Legal Assistant,kfreemang0@mail.ru,Male,185.143.148.168
578,Lori,Day,Accountant I,ldayg1@dion.ne.jp,Female,20.229.127.161
579,Laura,Fowler,Staff Scientist,lfowlerg2@economist.com,Female,114.65.198.253
580,Aaron,Ruiz,Analyst Programmer,aruizg3@paginegialle.it,Male,171.112.194.76
581,Amy,White,Safety Technician III,awhiteg4@hugedomains.com,Female,60.107.73.85
582,Aaron,Palmer,Nurse,apalmerg5@princeton.edu,Male,159.105.226.25
583,Kathryn,Edwards,VP Quality Control,kedwardsg6@creativecommons.org,Female,97.12.145.184
584,Arthur,Gonzales,Administrative Assistant III,agonzalesg7@guardian.co.uk,Male,92.126.20.210
585,Janet,Murphy,Senior Sales Associate,jmurphyg8@printfriendly.com,Female,45.21.149.186
586,Maria,Hayes,Analog Circuit Design manager,mhayesg9@omniture.com,Female,178.56.203.121
587,Patricia,Day,Pharmacist,pdayga@hatena.ne.jp,Female,34.174.236.60
588,Bruce,Carpenter,Quality Engineer,bcarpentergb@unc.edu,Male,175.129.156.38
589,Louis,Howell,Human Resources Manager,lhowellgc@a8.net,Male,8.209.30.122
590,Janet,Schmidt,Paralegal,jschmidtgd@sitemeter.com,Female,49.122.123.184
591,Timothy,Arnold,Information Systems Manager,tarnoldge@google.com,Male,92.204.185.30
592,Julia,Chavez,Teacher,jchavezgf@salon.com,Female,255.63.205.201
593,Jennifer,White,Structural Engineer,jwhitegg@bbc.co.uk,Female,177.23.64.195
594,Rachel,Carpenter,Health Coach IV,rcarpentergh@nytimes.com,Female,80.107.64.247
595,Jonathan,Garrett,Recruiting Manager,jgarrettgi@marriott.com,Male,86.216.199.250
596,Linda,Porter,Marketing Manager,lportergj@google.es,Female,191.57.212.158
597,Christine,Roberts,Cost Accountant,crobertsgk@ihg.com,Female,91.239.2.161
598,Bobby,Banks,Systems Administrator II,bbanksgl@slate.com,Male,250.102.58.16
599,Rebecca,Duncan,Accountant I,rduncangm@oracle.com,Female,35.250.58.205
600,Lawrence,Elliott,Analog Circuit Design manager,lelliottgn@wix.com,Male,46.219.134.100
601,Howard,Wilson,Budget/Accounting Analyst I,hwilsongo@goo.ne.jp,Male,158.85.141.206
602,Christopher,Payne,Information Systems Manager,cpaynegp@skype.com,Male,106.120.21.131
603,Benjamin,Gutierrez,Analog Circuit Design manager,bgutierrezgq@sitemeter.com,Male,230.70.187.103
604,Craig,Long,Data Coordiator,clonggr@w3.org,Male,139.85.174.147
605,Samuel,Stewart,Help Desk Technician,sstewartgs@tumblr.com,Male,190.71.67.184
606,Victor,Hunter,Operator,vhuntergt@soundcloud.com,Male,247.81.116.25
607,Timothy,Harvey,Staff Accountant III,tharveygu@ft.com,Male,124.146.125.51
608,Joyce,Mills,Staff Accountant II,jmillsgv@fastcompany.com,Female,42.177.227.19
609,Helen,Bradley,Accountant III,hbradleygw@oracle.com,Female,124.203.145.205
610,Clarence,Hughes,Administrative Assistant III,chughesgx@homestead.com,Male,129.150.48.94
611,Russell,Sullivan,Analyst Programmer,rsullivangy@ihg.com,Male,200.124.59.123
612,Jonathan,Greene,Senior Developer,jgreenegz@acquirethisname.com,Male,237.49.21.27
613,Antonio,Butler,General Manager,abutlerh0@sun.com,Male,42.62.213.222
614,Alan,Meyer,Director of Sales,ameyerh1@scientificamerican.com,Male,135.149.74.171
615,Sara,Arnold,Internal Auditor,sarnoldh2@salon.com,Female,230.2.251.249
616,Benjamin,Hamilton,Structural Analysis Engineer,bhamiltonh3@sphinn.com,Male,12.136.134.67
617,Eric,Cook,Budget/Accounting Analyst IV,ecookh4@howstuffworks.com,Male,84.123.173.122
618,Heather,Greene,Chemical Engineer,hgreeneh5@npr.org,Female,112.42.142.238
619,Raymond,Carpenter,Account Coordinator,rcarpenterh6@home.pl,Male,29.176.250.191
620,Jeremy,Day,Compensation Analyst,jdayh7@infoseek.co.jp,Male,235.159.54.84
621,Carlos,Gardner,Research Nurse,cgardnerh8@godaddy.com,Male,180.251.202.140
622,Donald,Hart,Senior Editor,dharth9@bloomberg.com,Male,68.6.72.53
623,Julie,Kelley,Marketing Manager,jkelleyha@exblog.jp,Female,72.121.68.253
624,Gerald,Cunningham,Product Engineer,gcunninghamhb@google.ru,Male,115.43.183.9
625,Amanda,Collins,Nurse,acollinshc@hubpages.com,Female,216.5.165.251
626,Jean,Russell,Structural Engineer,jrussellhd@scribd.com,Female,201.235.61.204
627,Brian,James,Geologist III,bjameshe@ca.gov,Male,228.186.42.79
628,Ann,Jacobs,Research Nurse,ajacobshf@buzzfeed.com,Female,83.146.215.155
629,Janice,Kennedy,Health Coach IV,jkennedyhg@smh.com.au,Female,214.86.55.62
630,Martin,Davis,Civil Engineer,mdavishh@upenn.edu,Male,86.119.175.138
631,Diana,Mccoy,Programmer II,dmccoyhi@tumblr.com,Female,60.146.166.72
632,Julie,Lawson,GIS Technical Architect,jlawsonhj@hibu.com,Female,151.176.103.155
633,Sharon,Rose,Biostatistician II,srosehk@va.gov,Female,236.147.218.70
634,Jerry,Payne,Office Assistant II,jpaynehl@google.it,Male,11.143.250.237
635,Thomas,Armstrong,Senior Quality Engineer,tarmstronghm@businessinsider.com,Male,16.32.180.244
636,David,Fox,VP Product Management,dfoxhn@craigslist.org,Male,183.32.218.220
637,Norma,Burns,Paralegal,nburnsho@telegraph.co.uk,Female,188.43.241.157
638,Michelle,Peterson,Budget/Accounting Analyst II,mpetersonhp@netlog.com,Female,107.167.251.106
639,Evelyn,Wilson,Geological Engineer,ewilsonhq@cnbc.com,Female,209.118.235.43
640,Anne,Larson,Automation Specialist III,alarsonhr@columbia.edu,Female,236.8.199.206
641,Sean,Fernandez,Graphic Designer,sfernandezhs@ebay.co.uk,Male,162.202.89.46
642,Anna,Harvey,Help Desk Technician,aharveyht@bloomberg.com,Female,154.237.209.38
643,Anthony,Perkins,Software Test Engineer I,aperkinshu@msu.edu,Male,213.175.36.137
644,Catherine,Mendoza,Physical Therapy Assistant,cmendozahv@clickbank.net,Female,93.55.128.90
645,Stephen,Sullivan,Research Associate,ssullivanhw@globo.com,Male,139.8.211.44
646,Sharon,Gonzalez,Structural Engineer,sgonzalezhx@ezinearticles.com,Female,173.110.8.158
647,Timothy,Shaw,Accountant I,tshawhy@huffingtonpost.com,Male,237.27.66.66
648,Eric,Clark,Physical Therapy Assistant,eclarkhz@dedecms.com,Male,233.210.205.215
649,Edward,Dixon,Developer II,edixoni0@yellowbook.com,Male,75.135.91.80
650,Margaret,Carr,Tax Accountant,mcarri1@lulu.com,Female,239.98.197.216
651,Lawrence,Little,Civil Engineer,llittlei2@ed.gov,Male,24.30.178.53
652,Keith,Price,Payment Adjustment Coordinator,kpricei3@bluehost.com,Male,202.246.4.145
653,Lisa,Grant,Account Coordinator,lgranti4@google.com,Female,67.125.29.194
654,Martin,Graham,Design Engineer,mgrahami5@imageshack.us,Male,50.226.171.174
655,Carl,Burns,Editor,cburnsi6@salon.com,Male,199.73.125.27
656,Jerry,Jenkins,Director of Sales,jjenkinsi7@trellian.com,Male,233.140.246.44
657,Todd,Rice,Information Systems Manager,tricei8@biglobe.ne.jp,Male,133.88.247.249
658,Heather,Welch,Sales Representative,hwelchi9@yellowpages.com,Female,40.28.133.100
659,Anna,Russell,Recruiter,arussellia@comsenz.com,Female,81.120.162.110
660,Bruce,Payne,Help Desk Operator,bpayneib@kickstarter.com,Male,243.147.19.15
661,Diana,Ferguson,General Manager,dfergusonic@nba.com,Female,243.252.98.213
662,Juan,Oliver,Junior Executive,joliverid@nasa.gov,Male,137.7.27.200
663,Beverly,Medina,Software Engineer I,bmedinaie@berkeley.edu,Female,191.33.20.203
664,Scott,Powell,Sales Associate,spowellif@cam.ac.uk,Male,189.182.247.66
665,Janet,Pierce,Sales Representative,jpierceig@mayoclinic.com,Female,185.97.163.11
666,Steven,Ray,Web Designer IV,srayih@printfriendly.com,Male,120.121.36.33
667,Barbara,Mitchell,Junior Executive,bmitchellii@biblegateway.com,Female,51.101.166.233
668,Virginia,Powell,Account Representative I,vpowellij@google.fr,Female,217.16.0.52
669,Gary,Fisher,Geological Engineer,gfisherik@ihg.com,Male,162.128.30.238
670,Charles,Adams,Pharmacist,cadamsil@marriott.com,Male,125.181.13.210
671,Andrea,Fuller,Human Resources Assistant I,afullerim@ihg.com,Female,0.184.27.122
672,Frank,Henderson,Human Resources Manager,fhendersonin@latimes.com,Male,199.210.69.95
673,Ryan,Lynch,Computer Systems Analyst IV,rlynchio@webnode.com,Male,203.184.6.165
674,Angela,Perry,Marketing Manager,aperryip@live.com,Female,129.33.185.22
675,William,Kim,VP Accounting,wkimiq@ehow.com,Male,37.160.87.227
676,Emily,Stephens,Design Engineer,estephensir@cloudflare.com,Female,213.163.55.254
677,Rebecca,Warren,Payment Adjustment Coordinator,rwarrenis@cbc.ca,Female,88.90.203.232
678,Henry,Rogers,Web Developer III,hrogersit@latimes.com,Male,59.136.164.103
679,Denise,Ferguson,Cost Accountant,dfergusoniu@wordpress.org,Female,153.237.72.112
680,Russell,Vasquez,Quality Engineer,rvasqueziv@hp.com,Male,167.250.190.79
681,Thomas,Henderson,Marketing Manager,thendersoniw@domainmarket.com,Male,140.216.158.6
682,Melissa,Duncan,Cost Accountant,mduncanix@usgs.gov,Female,153.228.188.232
683,Mark,Webb,Senior Cost Accountant,mwebbiy@addtoany.com,Male,179.10.210.119
684,Robert,Harris,Speech Pathologist,rharrisiz@nydailynews.com,Male,139.195.193.104
685,Roy,Owens,Junior Executive,rowensj0@yahoo.com,Male,89.40.206.252
686,Wayne,Carter,Assistant Manager,wcarterj1@marketwatch.com,Male,32.44.62.174
687,Jose,Brooks,Professor,jbrooksj2@theatlantic.com,Male,216.46.58.58
688,Joan,Jordan,Recruiting Manager,jjordanj3@uol.com.br,Female,106.213.54.3
689,Jennifer,Mills,Web Developer II,jmillsj4@e-recht24.de,Female,220.115.73.72
690,Sharon,Olson,Systems Administrator III,solsonj5@narod.ru,Female,94.74.136.192
691,Shawn,Lawson,Professor,slawsonj6@smugmug.com,Male,80.174.184.219
692,Annie,Chapman,Quality Engineer,achapmanj7@desdev.cn,Female,113.0.156.191
693,Donald,Taylor,Computer Systems Analyst IV,dtaylorj8@sciencedaily.com,Male,247.226.53.193
694,Ralph,Parker,Health Coach II,rparkerj9@g.co,Male,47.113.87.138
695,Jerry,Morgan,Mechanical Systems Engineer,jmorganja@about.me,Male,42.169.56.160
696,Susan,Richardson,Recruiting Manager,srichardsonjb@google.fr,Female,139.212.104.139
697,Louis,Morales,Software Test Engineer II,lmoralesjc@nasa.gov,Male,1.151.138.221
698,Linda,Stevens,Automation Specialist IV,lstevensjd@mediafire.com,Female,182.185.224.214
699,Jesse,Lopez,Research Associate,jlopezje@smh.com.au,Male,242.81.100.153
700,Beverly,Riley,Account Executive,brileyjf@fotki.com,Female,195.31.113.232
701,Timothy,Hart,Automation Specialist II,thartjg@behance.net,Male,74.120.142.239
702,Todd,Evans,Assistant Professor,tevansjh@surveymonkey.com,Male,18.195.175.119
703,Betty,Wheeler,Developer III,bwheelerji@godaddy.com,Female,224.36.129.51
704,Evelyn,Gardner,Senior Sales Associate,egardnerjj@dropbox.com,Female,7.74.36.112
705,Fred,Richards,Product Engineer,frichardsjk@washington.edu,Male,127.126.141.133
706,Todd,Hansen,Social Worker,thansenjl@ucla.edu,Male,17.106.59.10
707,Kathryn,White,Speech Pathologist,kwhitejm@e-recht24.de,Female,13.141.153.28
708,Ashley,Hayes,Software Consultant,ahayesjn@behance.net,Female,219.72.38.242
709,Kathy,Carroll,Budget/Accounting Analyst III,kcarrolljo@chron.com,Female,2.208.175.5
710,Harry,Garcia,Software Test Engineer IV,hgarciajp@wordpress.com,Male,94.171.163.109
711,Jacqueline,King,Dental Hygienist,jkingjq@amazon.com,Female,72.255.81.120
712,Larry,Ryan,Senior Financial Analyst,lryanjr@hubpages.com,Male,209.228.53.255
713,Cheryl,Sims,Design Engineer,csimsjs@squidoo.com,Female,49.37.59.244
714,Roger,Jenkins,Community Outreach Specialist,rjenkinsjt@nasa.gov,Male,135.204.245.45
715,Earl,Porter,Community Outreach Specialist,eporterju@creativecommons.org,Male,53.78.5.125
716,Henry,Stephens,Recruiter,hstephensjv@behance.net,Male,153.55.2.150
717,Frances,Barnes,Developer I,fbarnesjw@cdbaby.com,Female,103.39.216.245
718,Shawn,Hansen,Financial Advisor,shansenjx@w3.org,Male,244.2.161.202
719,Laura,Gray,Legal Assistant,lgrayjy@mtv.com,Female,96.95.104.97
720,Linda,Matthews,Internal Auditor,lmatthewsjz@guardian.co.uk,Female,61.245.225.194
721,Roger,Martinez,Environmental Specialist,rmartinezk0@yandex.ru,Male,79.15.39.184
722,Fred,Day,VP Marketing,fdayk1@dailymotion.com,Male,13.26.124.245
723,Steven,Kim,Research Assistant I,skimk2@cnn.com,Male,149.64.196.235
724,Gloria,Phillips,Geological Engineer,gphillipsk3@noaa.gov,Female,132.150.187.181
725,Jason,Rodriguez,Health Coach IV,jrodriguezk4@comsenz.com,Male,65.143.208.63
726,Benjamin,Nguyen,Geological Engineer,bnguyenk5@independent.co.uk,Male,214.237.26.154
727,Bobby,Jacobs,Design Engineer,bjacobsk6@google.co.jp,Male,108.47.88.242
728,Stephanie,Sanders,Civil Engineer,ssandersk7@businessinsider.com,Female,209.222.242.84
729,Harry,Fernandez,Structural Analysis Engineer,hfernandezk8@cdc.gov,Male,3.105.161.240
730,Jacqueline,Hunter,Statistician II,jhunterk9@dailymail.co.uk,Female,101.108.232.18
731,Gerald,Jacobs,Chief Design Engineer,gjacobska@amazon.co.uk,Male,38.38.46.108
732,Margaret,Chapman,Nurse,mchapmankb@biglobe.ne.jp,Female,121.174.212.223
733,Mary,Roberts,Senior Cost Accountant,mrobertskc@java.com,Female,110.197.28.77
734,Jack,Alexander,Analyst Programmer,jalexanderkd@tiny.cc,Male,125.45.145.219
735,Daniel,Jacobs,Cost Accountant,djacobske@omniture.com,Male,54.151.206.154
736,Benjamin,Harrison,Recruiter,bharrisonkf@prlog.org,Male,43.113.110.17
737,Ashley,Wallace,Accounting Assistant I,awallacekg@bing.com,Female,98.112.237.48
738,Todd,Ellis,Senior Sales Associate,telliskh@europa.eu,Male,22.151.24.151
739,Doris,Sullivan,Senior Developer,dsullivanki@oaic.gov.au,Female,111.83.150.26
740,Judy,Campbell,Developer III,jcampbellkj@exblog.jp,Female,105.101.16.140
741,Richard,Ramirez,Senior Quality Engineer,rramirezkk@naver.com,Male,95.6.108.112
742,Daniel,Gibson,Administrative Officer,dgibsonkl@buzzfeed.com,Male,14.95.44.172
743,Heather,Duncan,Programmer Analyst IV,hduncankm@cargocollective.com,Female,145.63.91.106
744,Richard,Hansen,Marketing Assistant,rhansenkn@wix.com,Male,180.105.17.177
745,Brandon,Little,Recruiter,blittleko@multiply.com,Male,49.51.186.235
746,Catherine,Day,Community Outreach Specialist,cdaykp@parallels.com,Female,181.34.7.7
747,Antonio,Meyer,Payment Adjustment Coordinator,ameyerkq@dailymotion.com,Male,64.177.143.34
748,Sean,Medina,Quality Engineer,smedinakr@admin.ch,Male,32.208.183.113
749,Donna,Butler,Speech Pathologist,dbutlerks@unc.edu,Female,114.24.3.195
750,Phillip,Burton,Financial Advisor,pburtonkt@comsenz.com,Male,47.60.134.161
751,Gloria,Fox,Cost Accountant,gfoxku@seattletimes.com,Female,209.25.192.252
752,Christopher,Gray,Structural Engineer,cgraykv@dot.gov,Male,134.176.249.175
753,Patrick,Rivera,Assistant Media Planner,priverakw@indiegogo.com,Male,108.211.168.148
754,Gerald,Gibson,Recruiter,ggibsonkx@ebay.co.uk,Male,193.186.188.214
755,Anthony,Schmidt,Administrative Officer,aschmidtky@nydailynews.com,Male,34.211.15.169
756,Judith,Ross,Structural Analysis Engineer,jrosskz@lycos.com,Female,24.182.17.19
757,Martha,Richardson,Executive Secretary,mrichardsonl0@hugedomains.com,Female,128.176.55.162
758,Teresa,Thompson,Administrative Officer,tthompsonl1@noaa.gov,Female,89.49.20.41
759,Juan,Kim,Registered Nurse,jkiml2@blogs.com,Male,230.173.211.234
760,Howard,Burns,VP Accounting,hburnsl3@time.com,Male,190.159.47.109
761,Rebecca,Hicks,Sales Representative,rhicksl4@tiny.cc,Female,238.139.118.67
762,Beverly,Schmidt,Desktop Support Technician,bschmidtl5@shutterfly.com,Female,100.114.128.18
763,Daniel,Stone,Physical Therapy Assistant,dstonel6@ucoz.com,Male,215.205.79.108
764,Betty,Ford,Editor,bfordl7@acquirethisname.com,Female,80.71.67.242
765,Phillip,Diaz,Accountant I,pdiazl8@shop-pro.jp,Male,180.32.147.144
766,Nicholas,Nguyen,Account Representative IV,nnguyenl9@webs.com,Male,5.13.121.170
767,Cynthia,Hanson,Developer III,chansonla@un.org,Female,100.157.222.156
768,Brenda,Garza,Office Assistant I,bgarzalb@about.me,Female,59.114.117.200
769,Joe,Jacobs,Quality Control Specialist,jjacobslc@about.com,Male,13.136.6.99
770,Paula,Davis,Dental Hygienist,pdavisld@wix.com,Female,194.216.63.65
771,Kathleen,Palmer,Senior Editor,kpalmerle@qq.com,Female,99.224.118.123
772,Ann,Weaver,Editor,aweaverlf@wufoo.com,Female,111.102.219.131
773,Catherine,Nichols,Programmer Analyst IV,cnicholslg@bbb.org,Female,13.50.50.154
774,Kimberly,Willis,Senior Quality Engineer,kwillislh@ifeng.com,Female,131.117.116.234
775,Kathryn,Matthews,Physical Therapy Assistant,kmatthewsli@de.vu,Female,175.204.140.123
776,Judith,Adams,Financial Analyst,jadamslj@unblog.fr,Female,84.239.98.203
777,Maria,Hawkins,Community Outreach Specialist,mhawkinslk@hao123.com,Female,179.75.239.215
778,Jack,Cooper,Teacher,jcooperll@google.de,Male,215.172.185.91
779,Linda,Mccoy,Director of Sales,lmccoylm@networkadvertising.org,Female,56.238.61.125
780,Beverly,King,Professor,bkingln@state.tx.us,Female,132.223.226.123
781,Fred,Ruiz,VP Product Management,fruizlo@telegraph.co.uk,Male,64.175.240.172
782,Charles,Franklin,Dental Hygienist,cfranklinlp@soundcloud.com,Male,204.34.30.190
783,Joshua,Alexander,Executive Secretary,jalexanderlq@answers.com,Male,83.91.24.154
784,George,Palmer,Cost Accountant,gpalmerlr@dyndns.org,Male,112.68.141.208
785,Daniel,Lopez,Structural Engineer,dlopezls@wordpress.org,Male,73.236.154.35
786,Daniel,Collins,Nuclear Power Engineer,dcollinslt@arstechnica.com,Male,212.131.6.163
787,Kimberly,Russell,Compensation Analyst,krusselllu@theguardian.com,Female,27.203.155.94
788,Jonathan,Howard,Research Assistant IV,jhowardlv@java.com,Male,177.67.9.194
789,Roy,Bowman,Product Engineer,rbowmanlw@rediff.com,Male,158.106.33.219
790,Judy,Murphy,Sales Representative,jmurphylx@seattletimes.com,Female,42.227.134.137
791,Dorothy,Lewis,Dental Hygienist,dlewisly@facebook.com,Female,184.245.96.37
792,Stephanie,Brown,Project Manager,sbrownlz@newsvine.com,Female,241.91.84.128
793,Mary,Hayes,Senior Developer,mhayesm0@joomla.org,Female,196.91.17.8
794,Wayne,Berry,Financial Advisor,wberrym1@indiatimes.com,Male,30.10.114.35
795,Amy,Ward,Chief Design Engineer,awardm2@netlog.com,Female,174.93.97.238
796,Terry,Kelly,Social Worker,tkellym3@tiny.cc,Male,69.251.88.161
797,Earl,Anderson,Financial Advisor,eandersonm4@deliciousdays.com,Male,0.211.87.97
798,James,Little,Legal Assistant,jlittlem5@ezinearticles.com,Male,226.193.47.98
799,Michelle,Simpson,Legal Assistant,msimpsonm6@webeden.co.uk,Female,208.177.140.52
800,Bruce,Wood,Assistant Professor,bwoodm7@pen.io,Male,179.69.215.37
801,Willie,Stanley,Safety Technician IV,wstanleym8@flavors.me,Male,226.238.98.157
802,Kathryn,Harris,Account Representative III,kharrism9@hao123.com,Female,186.71.101.135
803,Lois,Taylor,Desktop Support Technician,ltaylorma@baidu.com,Female,132.52.250.154
804,Julia,Fields,Librarian,jfieldsmb@eventbrite.com,Female,142.105.112.200
805,Joshua,Peters,Nuclear Power Engineer,jpetersmc@sohu.com,Male,135.140.192.42
806,Sarah,Fox,Geological Engineer,sfoxmd@simplemachines.org,Female,239.114.43.23
807,Russell,Long,Legal Assistant,rlongme@networksolutions.com,Male,97.105.187.104
808,Irene,Moore,Speech Pathologist,imooremf@virginia.edu,Female,208.68.182.28
809,Terry,Williams,Data Coordiator,twilliamsmg@usnews.com,Male,89.26.180.225
810,Diana,Lee,Help Desk Operator,dleemh@tiny.cc,Female,117.70.124.48
811,James,Stanley,Junior Executive,jstanleymi@freewebs.com,Male,111.48.198.20
812,Frances,Adams,Quality Engineer,fadamsmj@51.la,Female,168.190.250.229
813,Phillip,Oliver,VP Accounting,polivermk@wunderground.com,Male,239.39.57.105
814,Timothy,Powell,Cost Accountant,tpowellml@europa.eu,Male,234.114.204.251
815,Heather,Henderson,Civil Engineer,hhendersonmm@npr.org,Female,120.38.102.149
816,Edward,Payne,Web Designer I,epaynemn@ameblo.jp,Male,194.235.54.71
817,Norma,Moreno,Financial Analyst,nmorenomo@com.com,Female,186.17.246.137
818,Debra,Schmidt,Staff Accountant II,dschmidtmp@npr.org,Female,58.234.165.163
819,Lawrence,Hill,Executive Secretary,lhillmq@theglobeandmail.com,Male,18.231.54.109
820,Chris,Riley,Compensation Analyst,crileymr@sogou.com,Male,70.10.47.246
821,Patricia,Duncan,Human Resources Manager,pduncanms@typepad.com,Female,43.171.54.57
822,Heather,Flores,Actuary,hfloresmt@vinaora.com,Female,112.48.45.152
823,Phyllis,Carr,Assistant Manager,pcarrmu@google.ca,Female,213.218.153.112
824,Linda,Cooper,Actuary,lcoopermv@behance.net,Female,181.114.119.24
825,Juan,Gutierrez,Database Administrator IV,jgutierrezmw@joomla.org,Male,166.110.241.43
826,John,Hanson,Payment Adjustment Coordinator,jhansonmx@jimdo.com,Male,226.46.77.187
827,Shawn,Fernandez,Librarian,sfernandezmy@arstechnica.com,Male,21.254.237.134
828,Joseph,Graham,Budget/Accounting Analyst III,jgrahammz@flickr.com,Male,220.234.193.159
829,Gary,Gutierrez,Financial Analyst,ggutierrezn0@newyorker.com,Male,81.23.133.165
830,Jeffrey,Fox,Senior Financial Analyst,jfoxn1@smh.com.au,Male,71.121.58.133
831,Tina,Tucker,Staff Scientist,ttuckern2@abc.net.au,Female,220.77.35.213
832,Nancy,Pierce,Technical Writer,npiercen3@ucoz.com,Female,159.99.241.241
833,Judith,Perkins,Research Nurse,jperkinsn4@canalblog.com,Female,80.107.160.50
834,Bonnie,Kelly,Senior Sales Associate,bkellyn5@unesco.org,Female,185.40.113.131
835,Matthew,George,Information Systems Manager,mgeorgen6@dyndns.org,Male,236.166.212.223
836,Jonathan,Jenkins,Clinical Specialist,jjenkinsn7@ted.com,Male,204.48.232.61
837,Terry,Sanchez,Human Resources Manager,tsanchezn8@flickr.com,Male,122.46.195.67
838,Maria,Moreno,Software Test Engineer I,mmorenon9@google.co.jp,Female,217.235.147.103
839,Sharon,Burton,Sales Associate,sburtonna@pagesperso-orange.fr,Female,228.179.43.61
840,Heather,Austin,Civil Engineer,haustinnb@nymag.com,Female,195.215.59.133
841,Joseph,Rice,Director of Sales,jricenc@godaddy.com,Male,121.161.137.229
842,Doris,Ellis,Quality Engineer,dellisnd@blogtalkradio.com,Female,206.136.54.188
843,Frances,Bishop,VP Quality Control,fbishopne@goo.ne.jp,Female,86.26.11.110
844,Joyce,Gilbert,Social Worker,jgilbertnf@bluehost.com,Female,219.201.1.31
845,Theresa,Flores,Analyst Programmer,tfloresng@dion.ne.jp,Female,27.211.153.198
846,Theresa,Stephens,Recruiter,tstephensnh@reuters.com,Female,231.228.81.236
847,Ronald,Gonzalez,Human Resources Manager,rgonzalezni@taobao.com,Male,210.70.139.107
848,Adam,Castillo,Recruiter,acastillonj@mtv.com,Male,0.162.251.11
849,Benjamin,Moreno,Accounting Assistant II,bmorenonk@unesco.org,Male,94.208.33.245
850,Joseph,Porter,Administrative Officer,jporternl@aboutads.info,Male,49.154.30.190
851,Tina,Coleman,Cost Accountant,tcolemannm@drupal.org,Female,140.86.76.30
852,Willie,Ortiz,Account Executive,wortiznn@illinois.edu,Male,127.11.149.212
853,Jean,Miller,Mechanical Systems Engineer,jmillerno@reverbnation.com,Female,240.48.229.236
854,Philip,Perkins,VP Sales,pperkinsnp@zdnet.com,Male,174.250.237.121
855,Kenneth,Patterson,Research Assistant II,kpattersonnq@columbia.edu,Male,76.188.29.39
856,Marilyn,Little,Software Consultant,mlittlenr@guardian.co.uk,Female,239.66.164.208
857,Amy,Elliott,Accountant IV,aelliottns@house.gov,Female,166.82.181.10
858,Samuel,Johnson,Legal Assistant,sjohnsonnt@exblog.jp,Male,71.110.231.0
859,Jessica,Watson,Administrative Officer,jwatsonnu@house.gov,Female,39.122.193.246
860,Fred,Williams,Cost Accountant,fwilliamsnv@comcast.net,Male,230.18.116.115
861,Lillian,Bradley,Analog Circuit Design manager,lbradleynw@imageshack.us,Female,132.73.190.251
862,Heather,Griffin,Software Test Engineer II,hgriffinnx@msn.com,Female,134.138.149.33
863,Janice,Clark,Tax Accountant,jclarkny@over-blog.com,Female,21.110.154.119
864,Edward,Flores,Human Resources Manager,efloresnz@dyndns.org,Male,157.97.221.94
865,Ruth,Hall,Administrative Officer,rhallo0@techcrunch.com,Female,39.124.132.228
866,Alan,Boyd,Legal Assistant,aboydo1@state.tx.us,Male,204.226.185.121
867,Clarence,Day,Recruiting Manager,cdayo2@artisteer.com,Male,92.48.162.130
868,Patrick,Boyd,Editor,pboydo3@earthlink.net,Male,70.47.177.125
869,Betty,Nichols,Media Manager II,bnicholso4@unc.edu,Female,117.134.60.104
870,Judith,Lewis,Recruiter,jlewiso5@webmd.com,Female,211.70.194.160
871,Deborah,Kennedy,Legal Assistant,dkennedyo6@about.com,Female,180.217.23.5
872,Christopher,Wood,Office Assistant I,cwoodo7@auda.org.au,Male,123.23.70.170
873,Louis,Gardner,Assistant Professor,lgardnero8@google.cn,Male,159.151.7.63
874,Lois,Wells,Chemical Engineer,lwellso9@typepad.com,Female,8.35.149.43
875,Betty,Cox,Senior Quality Engineer,bcoxoa@ibm.com,Female,248.21.1.220
876,Nancy,Hamilton,Staff Scientist,nhamiltonob@vinaora.com,Female,245.195.177.98
877,Dorothy,Wright,Geological Engineer,dwrightoc@sbwire.com,Female,189.215.148.217
878,Carolyn,Lane,Cost Accountant,claneod@hc360.com,Female,24.140.127.219
879,Antonio,Hansen,Safety Technician I,ahansenoe@themeforest.net,Male,247.88.196.39
880,Steve,Welch,Quality Engineer,swelchof@paypal.com,Male,77.2.236.136
881,Karen,Nichols,Operator,knicholsog@hatena.ne.jp,Female,30.226.170.144
882,Billy,Lynch,Information Systems Manager,blynchoh@simplemachines.org,Male,36.214.184.2
883,Amanda,Bradley,Systems Administrator I,abradleyoi@amazon.com,Female,162.49.191.131
884,Lawrence,Gordon,Software Consultant,lgordonoj@rakuten.co.jp,Male,112.16.246.21
885,Irene,Hawkins,Computer Systems Analyst I,ihawkinsok@indiatimes.com,Female,58.115.216.147
886,Elizabeth,West,Teacher,ewestol@ustream.tv,Female,186.227.61.168
887,Frances,Murphy,Budget/Accounting Analyst I,fmurphyom@utexas.edu,Female,79.179.99.66
888,Lois,Alvarez,Structural Engineer,lalvarezon@infoseek.co.jp,Female,148.242.104.101
889,Julia,Butler,Office Assistant II,jbutleroo@usgs.gov,Female,46.108.190.94
890,Stephanie,Flores,Senior Financial Analyst,sfloresop@npr.org,Female,203.6.35.6
891,Tammy,Hernandez,Administrative Assistant III,thernandezoq@redcross.org,Female,130.0.194.115
892,Jimmy,Gray,Actuary,jgrayor@shutterfly.com,Male,8.216.222.126
893,Louise,Long,Teacher,llongos@cornell.edu,Female,142.87.245.21
894,Janice,Allen,Librarian,jallenot@google.co.jp,Female,120.69.110.65
895,Christina,Hart,Director of Sales,chartou@qq.com,Female,226.7.253.24
896,Denise,Thompson,Help Desk Operator,dthompsonov@devhub.com,Female,135.137.148.103
897,Timothy,Wilson,Senior Editor,twilsonow@icq.com,Male,180.218.178.66
898,Keith,Montgomery,Product Engineer,kmontgomeryox@globo.com,Male,60.176.25.214
899,Kevin,Bell,GIS Technical Architect,kbelloy@homestead.com,Male,48.16.135.164
900,Carlos,Young,VP Accounting,cyoungoz@is.gd,Male,232.47.14.205
901,Frances,Mills,Graphic Designer,fmillsp0@unicef.org,Female,74.102.145.135
902,Todd,Arnold,Civil Engineer,tarnoldp1@seesaa.net,Male,34.129.105.0
903,Donald,Sanchez,Marketing Assistant,dsanchezp2@weibo.com,Male,209.214.77.63
904,Michael,Weaver,Quality Control Specialist,mweaverp3@yale.edu,Male,155.148.176.31
905,Jonathan,Johnston,Staff Accountant I,jjohnstonp4@hatena.ne.jp,Male,173.13.118.135
906,Andrew,Harris,Dental Hygienist,aharrisp5@state.gov,Male,151.184.244.166
907,Melissa,Lynch,Financial Advisor,mlynchp6@foxnews.com,Female,217.72.238.118
908,Norma,Ryan,Help Desk Operator,nryanp7@comcast.net,Female,16.239.222.113
909,Bruce,Austin,Account Coordinator,baustinp8@webs.com,Male,92.38.237.217
910,Scott,Bradley,Speech Pathologist,sbradleyp9@digg.com,Male,149.125.243.173
911,Doris,King,Automation Specialist IV,dkingpa@123-reg.co.uk,Female,200.37.179.75
912,Richard,Robertson,Quality Control Specialist,rrobertsonpb@webs.com,Male,248.37.199.54
913,Douglas,Fisher,Registered Nurse,dfisherpc@prlog.org,Male,127.36.74.38
914,Kimberly,Ford,Internal Auditor,kfordpd@angelfire.com,Female,65.133.252.174
915,Ryan,Scott,Operator,rscottpe@usa.gov,Male,255.0.49.122
916,Jessica,Fisher,Health Coach II,jfisherpf@princeton.edu,Female,142.71.154.182
917,Samuel,Brooks,Structural Engineer,sbrookspg@alexa.com,Male,10.61.61.18
918,Michelle,Medina,Senior Developer,mmedinaph@abc.net.au,Female,85.9.59.247
919,Betty,Gonzalez,Compensation Analyst,bgonzalezpi@buzzfeed.com,Female,15.162.6.235
920,Anna,Martin,Social Worker,amartinpj@photobucket.com,Female,69.210.152.152
921,Amy,Martin,Social Worker,amartinpk@ezinearticles.com,Female,176.117.80.117
922,Andrew,Burton,Graphic Designer,aburtonpl@wsj.com,Male,98.184.212.128
923,Douglas,Hansen,Graphic Designer,dhansenpm@liveinternet.ru,Male,199.245.113.67
924,Gregory,Payne,Human Resources Assistant I,gpaynepn@washington.edu,Male,3.90.20.145
925,Evelyn,Wallace,Analog Circuit Design manager,ewallacepo@twitpic.com,Female,106.27.138.53
926,Jack,Mcdonald,Assistant Professor,jmcdonaldpp@twitpic.com,Male,230.106.96.100
927,Kathryn,Garrett,Web Developer I,kgarrettpq@ox.ac.uk,Female,14.255.37.16
928,Cynthia,Henry,Senior Quality Engineer,chenrypr@loc.gov,Female,95.128.156.91
929,Mary,Rice,Health Coach IV,mriceps@amazon.de,Female,79.14.1.63
930,Ernest,Wagner,Statistician III,ewagnerpt@vimeo.com,Male,107.18.51.3
931,Craig,Chavez,Marketing Assistant,cchavezpu@dagondesign.com,Male,40.115.38.24
932,Joyce,Morales,Systems Administrator III,jmoralespv@naver.com,Female,158.222.164.107
933,Emily,Dunn,Financial Analyst,edunnpw@hostgator.com,Female,81.99.132.107
934,Philip,Nguyen,Structural Analysis Engineer,pnguyenpx@topsy.com,Male,221.163.228.50
935,Norma,Washington,Financial Advisor,nwashingtonpy@simplemachines.org,Female,205.43.79.124
936,Harold,Simpson,Compensation Analyst,hsimpsonpz@jalbum.net,Male,127.20.185.60
937,Dennis,Long,Recruiting Manager,dlongq0@sphinn.com,Male,102.249.8.80
938,Kevin,Cook,Help Desk Technician,kcookq1@unicef.org,Male,55.191.121.248
939,Rachel,Fisher,Administrative Officer,rfisherq2@dyndns.org,Female,33.43.174.107
940,Shawn,Sullivan,Professor,ssullivanq3@symantec.com,Male,23.142.80.199
941,Gloria,Martinez,Account Representative III,gmartinezq4@constantcontact.com,Female,131.209.27.82
942,Nicholas,Lynch,Electrical Engineer,nlynchq5@example.com,Male,67.201.244.254
943,George,Gutierrez,Developer III,ggutierrezq6@github.com,Male,36.206.67.31
944,Jonathan,Chavez,General Manager,jchavezq7@histats.com,Male,82.154.71.35
945,Rachel,Walker,Chief Design Engineer,rwalkerq8@shareasale.com,Female,205.60.98.49
946,Edward,Day,Marketing Manager,edayq9@weather.com,Male,182.218.195.99
947,Albert,Wallace,Sales Associate,awallaceqa@rediff.com,Male,217.229.192.36
948,Earl,Gordon,VP Accounting,egordonqb@google.co.uk,Male,229.27.192.201
949,Evelyn,Day,Dental Hygienist,edayqc@smh.com.au,Female,61.56.68.82
950,Samuel,Sanchez,Teacher,ssanchezqd@zdnet.com,Male,125.184.99.141
951,Kathleen,Harper,Accounting Assistant I,kharperqe@miibeian.gov.cn,Female,79.22.143.100
952,Judy,Howard,Developer III,jhowardqf@foxnews.com,Female,86.248.62.32
953,Patrick,Brooks,Associate Professor,pbrooksqg@sfgate.com,Male,115.220.83.139
954,Daniel,Young,Technical Writer,dyoungqh@jugem.jp,Male,69.63.86.169
955,Maria,Green,Quality Control Specialist,mgreenqi@sourceforge.net,Female,173.52.216.237
956,Antonio,Jones,Marketing Manager,ajonesqj@wikipedia.org,Male,216.114.86.254
957,Stephanie,Franklin,Data Coordiator,sfranklinqk@unesco.org,Female,125.103.167.108
958,Jason,Carroll,Sales Associate,jcarrollql@washington.edu,Male,255.140.243.245
959,Carlos,Ramos,Assistant Manager,cramosqm@archive.org,Male,86.73.148.206
960,Paul,Stanley,Developer I,pstanleyqn@multiply.com,Male,193.80.205.115
961,Ralph,Kelley,Nuclear Power Engineer,rkelleyqo@youtube.com,Male,197.212.237.156
962,Rebecca,Lopez,VP Quality Control,rlopezqp@usda.gov,Female,82.188.79.31
963,George,Anderson,Recruiter,gandersonqq@dagondesign.com,Male,34.54.248.47
964,Kelly,Moreno,VP Marketing,kmorenoqr@google.co.uk,Female,71.253.132.152
965,Thomas,Jacobs,Registered Nurse,tjacobsqs@java.com,Male,211.199.32.181
966,Antonio,Austin,Occupational Therapist,aaustinqt@harvard.edu,Male,97.254.85.154
967,Beverly,Ellis,Associate Professor,bellisqu@bandcamp.com,Female,81.119.183.150
968,Carolyn,Murray,Recruiter,cmurrayqv@linkedin.com,Female,135.96.122.201
969,Harold,Fuller,Computer Systems Analyst II,hfullerqw@nytimes.com,Male,183.70.132.212
970,Bobby,Powell,Product Engineer,bpowellqx@moonfruit.com,Male,186.134.203.137
971,Mark,Anderson,Assistant Professor,mandersonqy@state.gov,Male,52.211.69.6
972,Louise,Kennedy,Social Worker,lkennedyqz@latimes.com,Female,1.66.250.242
973,Roger,Stewart,Senior Editor,rstewartr0@nps.gov,Male,83.58.75.206
974,Ernest,Jones,Assistant Media Planner,ejonesr1@slate.com,Male,85.110.48.93
975,Lisa,Jacobs,VP Sales,ljacobsr2@indiatimes.com,Female,115.93.142.221
976,Judy,Jenkins,Information Systems Manager,jjenkinsr3@java.com,Female,75.228.253.198
977,Anthony,Peterson,Software Engineer I,apetersonr4@github.io,Male,212.150.241.251
978,Julia,Ortiz,Programmer I,jortizr5@nhs.uk,Female,32.96.12.137
979,Maria,Kelly,Sales Representative,mkellyr6@mozilla.com,Female,16.6.227.186
980,Arthur,Medina,Structural Engineer,amedinar7@google.com,Male,164.83.20.164
981,Alan,Ramos,VP Accounting,aramosr8@twitter.com,Male,189.155.253.230
982,Mark,Robinson,Media Manager IV,mrobinsonr9@pen.io,Male,9.59.249.48
983,Ruth,Martinez,Information Systems Manager,rmartinezra@howstuffworks.com,Female,64.248.205.92
984,Todd,Lee,Environmental Tech,tleerb@devhub.com,Male,196.137.14.30
985,Nicholas,Morris,Nurse,nmorrisrc@wunderground.com,Male,218.95.158.55
986,Dorothy,Kelley,Research Associate,dkelleyrd@hatena.ne.jp,Female,255.64.48.211
987,Jesse,Larson,Project Manager,jlarsonre@artisteer.com,Male,34.129.102.35
988,Rebecca,Nichols,Health Coach III,rnicholsrf@skyrock.com,Female,53.231.226.203
989,Joseph,Richards,Office Assistant III,jrichardsrg@nsw.gov.au,Male,7.137.115.58
990,Rebecca,Oliver,Recruiter,roliverrh@slate.com,Female,164.134.167.104
991,Eugene,Henry,VP Accounting,ehenryri@topsy.com,Male,204.93.216.216
992,Kathleen,Butler,Sales Associate,kbutlerrj@thetimes.co.uk,Female,146.71.161.147
993,Louise,Bell,Human Resources Manager,lbellrk@umn.edu,Female,113.48.169.71
994,Christine,Perkins,Staff Scientist,cperkinsrl@uiuc.edu,Female,146.118.100.198
995,Terry,Harvey,Data Coordiator,tharveyrm@about.com,Male,237.229.184.184
996,Chris,Rogers,Payment Adjustment Coordinator,crogersrn@cbsnews.com,Male,200.208.245.193
997,Howard,Long,Statistician I,hlongro@umn.edu,Male,254.34.93.170
998,Nicholas,Nichols,Financial Analyst,nnicholsrp@google.com.au,Male,223.136.1.30
999,Martin,Harris,Staff Scientist,mharrisrq@theguardian.com,Male,43.202.193.142
1000,Kathryn,Stone,Executive Secretary,kstonerr@google.fr,Female,98.206.188.203
